,label,begin,end,dynasty,monarch,monarchName,reignTitle,uri,last_year
0,夏,-1989,-1559.0,夏,,,,http://data.library.sh.cn/authority/temporal/4alljneqiivh5691,430
1,商,-1559,-1123.0,商,,,,http://data.library.sh.cn/authority/temporal/5et552ry5g8t8t1m,436
2,周,-1123,-256.0,周,,,,http://data.library.sh.cn/authority/temporal/h49zie56z4d1gtq2,867
3,西周,-1046,-771.0,西周,,,,http://data.library.sh.cn/authority/temporal/8qs9fkfuknhhewht,275
4,东周,-770,-221.0,东周,,,,http://data.library.sh.cn/authority/temporal/cjnk46stusravcp5,549
5,西周,-1046,-771.0,西周,,,,http://data.library.sh.cn/authority/temporal/8qs9fkfuknhhewht,275
6,东周,-770,-221.0,东周,,,,http://data.library.sh.cn/authority/temporal/cjnk46stusravcp5,549
7,春秋,-770,-477.0,春秋,,,,http://data.library.sh.cn/authority/temporal/mpacvj7uvzbrfj6x,293
8,战国,-476,-221.0,战国,,,,http://data.library.sh.cn/authority/temporal/ksjisjzdlwskal1w,255
9,秦,-221,-210.0,秦,始皇帝,嬴政,,http://data.library.sh.cn/authority/temporal/ty2nvzpe6atov9rz,11
10,秦,-221,-206.0,秦,,,,http://data.library.sh.cn/authority/temporal/qs36fnjpp26jtw8s,15
11,秦,-209,-207.0,秦,二世,嬴胡亥,,http://data.library.sh.cn/authority/temporal/r3iiwqb8wltcenxp,2
12,秦,-206,-206.0,秦,,嬴子婴,,http://data.library.sh.cn/authority/temporal/k823rq1gc2a82h98,0
13,秦秦兴,617,618.0,秦,,薛举,秦兴,http://data.library.sh.cn/authority/temporal/41ngdn53nn6owyqr,1
14,西汉,-206,8.0,西汉,,,,http://data.library.sh.cn/authority/temporal/sbirtc1g5d7oz64i,214
15,汉,-206,220.0,汉,,,,http://data.library.sh.cn/authority/temporal/95vht2jlgtwimv93,426
16,汉,-206,-195.0,汉,高祖,刘邦,,http://data.library.sh.cn/authority/temporal/pdkyarlmn2gznnmm,11
17,西汉,-206,8.0,西汉,,,,http://data.library.sh.cn/authority/temporal/sbirtc1g5d7oz64i,214
18,汉,-194,-188.0,汉,惠帝,刘盈,,http://data.library.sh.cn/authority/temporal/fzrdpg8c9ehg7c9l,6
19,汉,-187,-180.0,汉,高后,吕稚,,http://data.library.sh.cn/authority/temporal/hugoik4rcc88xc8r,7
20,汉,-179,-164.0,汉,文帝,刘恒,,http://data.library.sh.cn/authority/temporal/lqgnkyu1agxb64ov,15
21,汉后元,-163,-157.0,汉,文帝,刘恒,后元,http://data.library.sh.cn/authority/temporal/ze8flnm3ke6f53fb,6
22,汉,-156,-150.0,汉,景帝,刘启,,http://data.library.sh.cn/authority/temporal/hx8ljjt6m9jwgfdq,6
23,汉中元,-149,-144.0,汉,景帝,刘启,中元,http://data.library.sh.cn/authority/temporal/k9gxgdudz3m1u2hh,5
24,汉后元,-143,-141.0,汉,景帝,刘启,后元,http://data.library.sh.cn/authority/temporal/anv3dae72kbwspdp,2
25,汉建元,-140,-135.0,汉,武帝,刘彻,建元,http://data.library.sh.cn/authority/temporal/ipxo2wfpg3dfdpuz,5
26,汉元光,-134,-129.0,汉,武帝,刘彻,元光,http://data.library.sh.cn/authority/temporal/tkj9b6oawtb766te,5
27,汉元朔,-128,-123.0,汉,武帝,刘彻,元朔,http://data.library.sh.cn/authority/temporal/e2fps8lrgpqb64sy,5
28,汉元狩,-122,-117.0,汉,武帝,刘彻,元狩,http://data.library.sh.cn/authority/temporal/4vnb6hdrnl4lvxpy,5
29,汉元鼎,-116,-111.0,汉,武帝,刘彻,元鼎,http://data.library.sh.cn/authority/temporal/me9dwgm6awvj9hes,5
30,汉元封,-110,-105.0,汉,武帝,刘彻,元封,http://data.library.sh.cn/authority/temporal/25uojc6z3xyok9py,5
31,汉太初,-104,-101.0,汉,武帝,刘彻,太初,http://data.library.sh.cn/authority/temporal/6m6jksktokitfrk4,3
32,汉天汉,-100,-97.0,汉,武帝,刘彻,天汉,http://data.library.sh.cn/authority/temporal/mb8brwopp4o89led,3
33,汉太始,-96,-93.0,汉,武帝,刘彻,太始,http://data.library.sh.cn/authority/temporal/tgyyt8d5lthvmlwn,3
34,汉征和,-92,-89.0,汉,武帝,刘彻,延和;征和,http://data.library.sh.cn/authority/temporal/m7f6sfm3ykrfgt2o,3
35,汉后元,-88,-87.0,汉,武帝,刘彻,后元,http://data.library.sh.cn/authority/temporal/3fili3zv9yysq5gb,1
36,汉始元,-86,-81.0,汉,昭帝,刘弗陵,始元,http://data.library.sh.cn/authority/temporal/r1e1o1bctcf9cq1j,5
37,汉元凤,-80,-75.0,汉,昭帝,刘弗陵,元凤,http://data.library.sh.cn/authority/temporal/lj31eykj5gbstwb8,5
38,汉元平,-74,-74.0,汉,昭帝,刘弗陵,元平,http://data.library.sh.cn/authority/temporal/36rqoc5x176hpebi,0
39,汉本始,-73,-70.0,汉,宣帝,刘询,本始,http://data.library.sh.cn/authority/temporal/jss6ikjwr52g863z,3
40,汉地节,-69,-66.0,汉,宣帝,刘询,地节,http://data.library.sh.cn/authority/temporal/7u3h2hciii822gfe,3
41,汉元康,-65,-61.0,汉,宣帝,刘询,元康,http://data.library.sh.cn/authority/temporal/rw9jqrxkcdqxaftr,4
42,汉神爵,-61,-58.0,汉,宣帝,刘询,神爵,http://data.library.sh.cn/authority/temporal/hk1p6csqamgy6haa,3
43,汉五凤,-57,-54.0,汉,宣帝,刘询,五凤,http://data.library.sh.cn/authority/temporal/rvb7vdfieh6za8es,3
44,汉甘露,-53,-50.0,汉,宣帝,刘询,甘露,http://data.library.sh.cn/authority/temporal/h8umklt7snvbgucs,3
45,汉黄龙,-49,-49.0,汉,宣帝,刘询,黄龙,http://data.library.sh.cn/authority/temporal/im3yti4yeci8mmys,0
46,汉初元,-48,-44.0,汉,元帝,刘奭,初元,http://data.library.sh.cn/authority/temporal/2ng71fajza2th444,4
47,汉永光,-43,-39.0,汉,元帝,刘奭,永光,http://data.library.sh.cn/authority/temporal/cdy5blysbugln8f7,4
48,汉建昭,-38,-34.0,汉,元帝,刘奭,建昭,http://data.library.sh.cn/authority/temporal/gyt1bylta4scmz5q,4
49,汉竟宁,-33,-33.0,汉,元帝,刘奭,竟宁,http://data.library.sh.cn/authority/temporal/o79zxorcf34gvckg,0
50,汉建始,-32,-28.0,汉,成帝,刘骜,建始,http://data.library.sh.cn/authority/temporal/w6v3v9dltjion1yi,4
51,汉河平,-28,-25.0,汉,成帝,刘骜,河平,http://data.library.sh.cn/authority/temporal/oz892n54486yh9xa,3
52,汉阳朔,-24,-21.0,汉,成帝,刘骜,阳朔,http://data.library.sh.cn/authority/temporal/ktpijakzsv3t9bqm,3
53,汉鸿嘉,-20,-17.0,汉,成帝,刘骜,鸿嘉,http://data.library.sh.cn/authority/temporal/6oa4jj47g4xxh3fb,3
54,汉永始,-16,-13.0,汉,成帝,刘骜,永始,http://data.library.sh.cn/authority/temporal/h841m6ndrgk9uoc7,3
55,汉元延,-12,-9.0,汉,成帝,刘骜,元延,http://data.library.sh.cn/authority/temporal/fkwm4qzusgoznfha,3
56,汉绥和,-8,-7.0,汉,成帝,刘骜,绥和,http://data.library.sh.cn/authority/temporal/7i3c52ulmk1g3aj9,1
57,汉建平,-6,-5.0,汉,哀帝,刘欣,建平,http://data.library.sh.cn/authority/temporal/vuoeofj271g96eb2,1
58,汉太初,-5,-5.0,汉,哀帝,刘欣,太初,http://data.library.sh.cn/authority/temporal/sukmweaeo52v7j6e,0
59,汉建平,-5,-3.0,汉,哀帝,刘欣,建平,http://data.library.sh.cn/authority/temporal/amvtgsrbhv3316w8,2
60,汉元寿,-2,-1.0,汉,哀帝,刘欣,元寿,http://data.library.sh.cn/authority/temporal/5hvqv2zbeyy4bf7v,1
61,汉元始,1,5.0,汉,平帝,刘衎,元始,http://data.library.sh.cn/authority/temporal/1j73xqybmk7lr649,4
62,汉居摄,6,8.0,汉,孺子,刘婴,居摄,http://data.library.sh.cn/authority/temporal/5maiex7kzlaaujpu,2
63,汉初始,8,8.0,汉,孺子,刘婴,初始,http://data.library.sh.cn/authority/temporal/ga8tf8qsxkbcc8gc,0
64,新始建国,9,13.0,新,,王莽,始建国,http://data.library.sh.cn/authority/temporal/6hj5hqgeqm63s54e,4
65,新天凤,14,19.0,新,,王莽,天凤,http://data.library.sh.cn/authority/temporal/rfqm4sgzhpw1n9fs,5
66,新地皇,20,23.0,新,,王莽,地皇,http://data.library.sh.cn/authority/temporal/32zcdr1sao5kdsna,3
67,更始,23,25.0,,,刘玄,更始,http://data.library.sh.cn/authority/temporal/95m9duj9c35zle32,2
68,复汉,23,34.0,,,隗嚣,复汉,http://data.library.sh.cn/authority/temporal/9hjgf8yr6j7v4mlx,11
69,东汉,25,220.0,东汉,,,,http://data.library.sh.cn/authority/temporal/kefbb8iphd4t5e3c,195
70,龙兴,25,36.0,,,公孙述,龙兴,http://data.library.sh.cn/authority/temporal/ukt8q8ulu8w9xgnf,11
71,建世,25,27.0,,,刘盆子,建世,http://data.library.sh.cn/authority/temporal/ozxi9fv6bwqco8w2,2
72,东汉建武,25,56.0,东汉,光武帝,刘秀,建武,http://data.library.sh.cn/authority/temporal/metvom7i4f3twkxi,31
73,东汉建武中元,56,57.0,东汉,光武帝,刘秀,建武中元,http://data.library.sh.cn/authority/temporal/e1aj1pmqdlhx31r6,1
74,东汉永平,58,75.0,东汉,明帝,刘庄,永平,http://data.library.sh.cn/authority/temporal/z8s6pvs3m67uy225,17
75,东汉建初,76,84.0,东汉,章帝,刘炟,建初,http://data.library.sh.cn/authority/temporal/eal933hknyargdov,8
76,东汉元和,84,87.0,东汉,章帝,刘炟,元和,http://data.library.sh.cn/authority/temporal/jk6sz1c4rwq46681,3
77,东汉章和,87,88.0,东汉,章帝,刘炟,章和,http://data.library.sh.cn/authority/temporal/yriovof8vl4vs2ra,1
78,东汉永元,89,105.0,东汉,和帝,刘肇,永元,http://data.library.sh.cn/authority/temporal/jufq85c8f9i8htfl,16
79,东汉元兴,105,105.0,东汉,和帝,刘肇,元兴,http://data.library.sh.cn/authority/temporal/hg4esek9whs583se,0
80,东汉延平,106,106.0,东汉,殇帝,刘隆,延平,http://data.library.sh.cn/authority/temporal/lymxqmb5htjeqgaa,0
81,东汉永初,107,113.0,东汉,安帝,刘祜,永初,http://data.library.sh.cn/authority/temporal/m3g5mw8dmmxizvmy,6
82,东汉元初,114,120.0,东汉,安帝,刘祜,元初,http://data.library.sh.cn/authority/temporal/y327ur9vlbyyvvy8,6
83,东汉永宁,120,121.0,东汉,安帝,刘祜,永宁,http://data.library.sh.cn/authority/temporal/8rvkaod8323x12b9,1
84,东汉建光,121,122.0,东汉,安帝,刘祜,建光,http://data.library.sh.cn/authority/temporal/q3gsqapzittbtpc1,1
85,东汉延光,122,125.0,东汉,安帝,刘祜,延光,http://data.library.sh.cn/authority/temporal/q2w9c3jr1hnupbbt,3
86,东汉,125,125.0,东汉,少帝,刘懿,,http://data.library.sh.cn/authority/temporal/s14e7glq62u3xwds,0
87,东汉永建,126,132.0,东汉,顺帝,刘保,永建,http://data.library.sh.cn/authority/temporal/h9yj335z1oteznb7,6
88,东汉阳嘉,132,135.0,东汉,顺帝,刘保,阳嘉,http://data.library.sh.cn/authority/temporal/xnq9d3jqlmbd6gug,3
89,东汉永和,136,141.0,东汉,顺帝,刘保,永和,http://data.library.sh.cn/authority/temporal/sssvxjxhmtknbymi,5
90,东汉汉安,142,144.0,东汉,顺帝,刘保,汉安,http://data.library.sh.cn/authority/temporal/roiqzdzhkoaqefgi,2
91,东汉建康,144,144.0,东汉,顺帝,刘保,建康,http://data.library.sh.cn/authority/temporal/ter4rksetozjnz92,0
92,东汉永熹,145,145.0,东汉,冲帝,刘炳,永嘉;永熹,http://data.library.sh.cn/authority/temporal/r99evaoyvnyxd1ig,0
93,东汉本初,146,146.0,东汉,质帝,刘缵,本初,http://data.library.sh.cn/authority/temporal/4l3vtnx424q8tlr6,0
94,东汉建和,147,149.0,东汉,桓帝,刘志,建和,http://data.library.sh.cn/authority/temporal/ubpxfofgbbsvhf4s,2
95,东汉和平,150,150.0,东汉,桓帝,刘志,和平,http://data.library.sh.cn/authority/temporal/of1lh6dt6ifpfui3,0
96,东汉元嘉,151,153.0,东汉,桓帝,刘志,元嘉,http://data.library.sh.cn/authority/temporal/63pzgdjtk5y3eemx,2
97,东汉永兴,153,154.0,东汉,桓帝,刘志,永兴,http://data.library.sh.cn/authority/temporal/g6y5zkfcffwdgfjc,1
98,东汉永寿,155,158.0,东汉,桓帝,刘志,永寿,http://data.library.sh.cn/authority/temporal/jzkg1ti4cduxg77c,3
99,东汉延熹,158,167.0,东汉,桓帝,刘志,延熹,http://data.library.sh.cn/authority/temporal/ucxqw22r9rlqdrvg,9
100,东汉永康,167,167.0,东汉,桓帝,刘志,永康,http://data.library.sh.cn/authority/temporal/xitn3m4455ch7old,0
101,东汉建宁,168,172.0,东汉,灵帝,刘宏,建宁,http://data.library.sh.cn/authority/temporal/31evc3dckxhz5stl,4
102,东汉熹平,172,178.0,东汉,灵帝,刘宏,熹平,http://data.library.sh.cn/authority/temporal/8nsnanuuce1y39ev,6
103,东汉光和,178,184.0,东汉,灵帝,刘宏,光和,http://data.library.sh.cn/authority/temporal/4f9sf324pgytb1na,6
104,东汉中平,184,189.0,东汉,灵帝,刘宏,中平,http://data.library.sh.cn/authority/temporal/pjkmnj8bsey3fdmh,5
105,东汉昭宁,189,189.0,东汉,少帝,刘辩,昭宁,http://data.library.sh.cn/authority/temporal/jswab2u8hs58x3cj,0
106,东汉光熹,189,189.0,东汉,少帝,刘辩,光熹,http://data.library.sh.cn/authority/temporal/potpou9tyvscsxci,0
107,东汉初平,190,193.0,东汉,献帝,刘协,初平,http://data.library.sh.cn/authority/temporal/2nbwjubbybl8i737,3
108,东汉永汉,190,190.0,东汉,献帝,刘协,永汉,http://data.library.sh.cn/authority/temporal/iinjqup2n2t1cbj5,0
109,东汉中平,190,190.0,东汉,献帝,刘协,中平,http://data.library.sh.cn/authority/temporal/m3ddhrxgnvggjh4s,0
110,东汉兴平,194,195.0,东汉,献帝,刘协,兴平,http://data.library.sh.cn/authority/temporal/7uva5d64p8ygi6t5,1
111,东汉建安,196,220.0,东汉,献帝,刘协,建安,http://data.library.sh.cn/authority/temporal/lzc4y2b5ax7xsnxt,24
112,东汉延康,220,220.0,东汉,献帝,刘协,延康,http://data.library.sh.cn/authority/temporal/elk4kx9r4hh9jbjs,0
113,东汉,25,220.0,东汉,,,,http://data.library.sh.cn/authority/temporal/kefbb8iphd4t5e3c,195
114,东汉建武,25,56.0,东汉,光武帝,刘秀,建武,http://data.library.sh.cn/authority/temporal/metvom7i4f3twkxi,31
115,东汉建武中元,56,57.0,东汉,光武帝,刘秀,建武中元,http://data.library.sh.cn/authority/temporal/e1aj1pmqdlhx31r6,1
116,东汉永平,58,75.0,东汉,明帝,刘庄,永平,http://data.library.sh.cn/authority/temporal/z8s6pvs3m67uy225,17
117,东汉建初,76,84.0,东汉,章帝,刘炟,建初,http://data.library.sh.cn/authority/temporal/eal933hknyargdov,8
118,东汉元和,84,87.0,东汉,章帝,刘炟,元和,http://data.library.sh.cn/authority/temporal/jk6sz1c4rwq46681,3
119,东汉章和,87,88.0,东汉,章帝,刘炟,章和,http://data.library.sh.cn/authority/temporal/yriovof8vl4vs2ra,1
120,东汉永元,89,105.0,东汉,和帝,刘肇,永元,http://data.library.sh.cn/authority/temporal/jufq85c8f9i8htfl,16
121,东汉元兴,105,105.0,东汉,和帝,刘肇,元兴,http://data.library.sh.cn/authority/temporal/hg4esek9whs583se,0
122,东汉延平,106,106.0,东汉,殇帝,刘隆,延平,http://data.library.sh.cn/authority/temporal/lymxqmb5htjeqgaa,0
123,东汉永初,107,113.0,东汉,安帝,刘祜,永初,http://data.library.sh.cn/authority/temporal/m3g5mw8dmmxizvmy,6
124,东汉元初,114,120.0,东汉,安帝,刘祜,元初,http://data.library.sh.cn/authority/temporal/y327ur9vlbyyvvy8,6
125,东汉永宁,120,121.0,东汉,安帝,刘祜,永宁,http://data.library.sh.cn/authority/temporal/8rvkaod8323x12b9,1
126,东汉建光,121,122.0,东汉,安帝,刘祜,建光,http://data.library.sh.cn/authority/temporal/q3gsqapzittbtpc1,1
127,东汉延光,122,125.0,东汉,安帝,刘祜,延光,http://data.library.sh.cn/authority/temporal/q2w9c3jr1hnupbbt,3
128,东汉,125,125.0,东汉,少帝,刘懿,,http://data.library.sh.cn/authority/temporal/s14e7glq62u3xwds,0
129,东汉永建,126,132.0,东汉,顺帝,刘保,永建,http://data.library.sh.cn/authority/temporal/h9yj335z1oteznb7,6
130,东汉阳嘉,132,135.0,东汉,顺帝,刘保,阳嘉,http://data.library.sh.cn/authority/temporal/xnq9d3jqlmbd6gug,3
131,东汉永和,136,141.0,东汉,顺帝,刘保,永和,http://data.library.sh.cn/authority/temporal/sssvxjxhmtknbymi,5
132,东汉汉安,142,144.0,东汉,顺帝,刘保,汉安,http://data.library.sh.cn/authority/temporal/roiqzdzhkoaqefgi,2
133,东汉建康,144,144.0,东汉,顺帝,刘保,建康,http://data.library.sh.cn/authority/temporal/ter4rksetozjnz92,0
134,东汉永熹,145,145.0,东汉,冲帝,刘炳,永嘉;永熹,http://data.library.sh.cn/authority/temporal/r99evaoyvnyxd1ig,0
135,东汉本初,146,146.0,东汉,质帝,刘缵,本初,http://data.library.sh.cn/authority/temporal/4l3vtnx424q8tlr6,0
136,东汉建和,147,149.0,东汉,桓帝,刘志,建和,http://data.library.sh.cn/authority/temporal/ubpxfofgbbsvhf4s,2
137,东汉和平,150,150.0,东汉,桓帝,刘志,和平,http://data.library.sh.cn/authority/temporal/of1lh6dt6ifpfui3,0
138,东汉元嘉,151,153.0,东汉,桓帝,刘志,元嘉,http://data.library.sh.cn/authority/temporal/63pzgdjtk5y3eemx,2
139,东汉永兴,153,154.0,东汉,桓帝,刘志,永兴,http://data.library.sh.cn/authority/temporal/g6y5zkfcffwdgfjc,1
140,东汉永寿,155,158.0,东汉,桓帝,刘志,永寿,http://data.library.sh.cn/authority/temporal/jzkg1ti4cduxg77c,3
141,东汉延熹,158,167.0,东汉,桓帝,刘志,延熹,http://data.library.sh.cn/authority/temporal/ucxqw22r9rlqdrvg,9
142,东汉永康,167,167.0,东汉,桓帝,刘志,永康,http://data.library.sh.cn/authority/temporal/xitn3m4455ch7old,0
143,东汉建宁,168,172.0,东汉,灵帝,刘宏,建宁,http://data.library.sh.cn/authority/temporal/31evc3dckxhz5stl,4
144,东汉熹平,172,178.0,东汉,灵帝,刘宏,熹平,http://data.library.sh.cn/authority/temporal/8nsnanuuce1y39ev,6
145,东汉光和,178,184.0,东汉,灵帝,刘宏,光和,http://data.library.sh.cn/authority/temporal/4f9sf324pgytb1na,6
146,东汉中平,184,189.0,东汉,灵帝,刘宏,中平,http://data.library.sh.cn/authority/temporal/pjkmnj8bsey3fdmh,5
147,东汉昭宁,189,189.0,东汉,少帝,刘辩,昭宁,http://data.library.sh.cn/authority/temporal/jswab2u8hs58x3cj,0
148,东汉光熹,189,189.0,东汉,少帝,刘辩,光熹,http://data.library.sh.cn/authority/temporal/potpou9tyvscsxci,0
149,东汉初平,190,193.0,东汉,献帝,刘协,初平,http://data.library.sh.cn/authority/temporal/2nbwjubbybl8i737,3
150,东汉永汉,190,190.0,东汉,献帝,刘协,永汉,http://data.library.sh.cn/authority/temporal/iinjqup2n2t1cbj5,0
151,东汉中平,190,190.0,东汉,献帝,刘协,中平,http://data.library.sh.cn/authority/temporal/m3ddhrxgnvggjh4s,0
152,东汉兴平,194,195.0,东汉,献帝,刘协,兴平,http://data.library.sh.cn/authority/temporal/7uva5d64p8ygi6t5,1
153,东汉建安,196,220.0,东汉,献帝,刘协,建安,http://data.library.sh.cn/authority/temporal/lzc4y2b5ax7xsnxt,24
154,东汉延康,220,220.0,东汉,献帝,刘协,延康,http://data.library.sh.cn/authority/temporal/elk4kx9r4hh9jbjs,0
155,三国,220,280.0,三国,,,,http://data.library.sh.cn/authority/temporal/itrusbdhm298q5ma,60
156,魏黄初,220,226.0,魏,文帝,曹丕,黄初,http://data.library.sh.cn/authority/temporal/3hpz3j7lhoa9lo2s,6
157,蜀章武,221,223.0,蜀,昭烈帝,刘备,章武,http://data.library.sh.cn/authority/temporal/llyuoid3txxtpfwp,2
158,吴黄武,221,229.0,吴,大帝,孙权,黄武,http://data.library.sh.cn/authority/temporal/g2l9j7kfmwgxz4mg,8
159,蜀建兴,223,237.0,蜀,后主,刘禅,建兴,http://data.library.sh.cn/authority/temporal/wuktvssycocu8fjn,14
160,魏太和,227,233.0,魏,明帝,曹叡,太和,http://data.library.sh.cn/authority/temporal/ajmjadmihg756fng,6
161,吴黄龙,229,231.0,吴,大帝,孙权,黄龙,http://data.library.sh.cn/authority/temporal/allcmev5fbjhyiy2,2
162,吴嘉禾,232,238.0,吴,大帝,孙权,嘉禾,http://data.library.sh.cn/authority/temporal/j4y4bnynkpsmod36,6
163,魏青龙,233,237.0,魏,明帝,曹叡,青龙,http://data.library.sh.cn/authority/temporal/17v5iwxkghruesi4,4
164,绍汉,237,238.0,,,公孙渊,绍汉,http://data.library.sh.cn/authority/temporal/2lf53wanwotdwo7v,1
165,魏景初,237,239.0,魏,明帝,曹叡,景初,http://data.library.sh.cn/authority/temporal/1vzod8qyrqsvkdnu,2
166,蜀延熙,238,257.0,蜀,后主,刘禅,延熙,http://data.library.sh.cn/authority/temporal/o7zeyzpeiluw83x5,19
167,吴赤乌,238,251.0,吴,大帝,孙权,赤乌,http://data.library.sh.cn/authority/temporal/3dksy1e3c41r8aei,13
168,魏正始,240,249.0,魏,齐王,曹芳,正始,http://data.library.sh.cn/authority/temporal/u9zfduvzay8dynrq,9
169,魏嘉平,249,254.0,魏,齐王,曹芳,嘉平,http://data.library.sh.cn/authority/temporal/7p1z9zmfivj69ofi,5
170,吴太元,251,252.0,吴,大帝,孙权,太元,http://data.library.sh.cn/authority/temporal/jr9sqm5uxzzeqkxg,1
171,吴神凤,252,253.0,吴,大帝,孙权,神凤,http://data.library.sh.cn/authority/temporal/lyo4cogjz5ugb8z4,1
172,吴建兴,253,254.0,吴,会稽王,孙亮,建兴,http://data.library.sh.cn/authority/temporal/uvt7oja3w43yxp13,1
173,魏正元,254,256.0,魏,高贵乡公,曹髦,正元,http://data.library.sh.cn/authority/temporal/cx2ptalo1uinv96w,2
174,吴五凤,255,256.0,吴,会稽王,孙亮,五凤,http://data.library.sh.cn/authority/temporal/h6c9xfwwy12ogt57,1
175,吴太平,256,258.0,吴,会稽王,孙亮,太平,http://data.library.sh.cn/authority/temporal/mvie799e3o8u9a1t,2
176,魏甘露,256,260.0,魏,高贵乡公,曹髦,甘露,http://data.library.sh.cn/authority/temporal/o1ivfu6yxd7bm6vz,4
177,蜀景耀,258,263.0,蜀,后主,刘禅,景耀,http://data.library.sh.cn/authority/temporal/3q48vmcp77qxmn8x,5
178,吴永安,258,264.0,吴,景帝,孙休,永安,http://data.library.sh.cn/authority/temporal/s9eqqybeqe3prn2b,6
179,魏景元,260,264.0,魏,元帝,曹奂,景元,http://data.library.sh.cn/authority/temporal/xatay5vxkgcvvgmd,4
180,蜀炎兴,263,263.0,蜀,后主,刘禅,炎兴,http://data.library.sh.cn/authority/temporal/vdd9pi5aikzzcycb,0
181,魏咸熙,264,265.0,魏,元帝,曹奂,咸熙,http://data.library.sh.cn/authority/temporal/x6c9vvq9dovilqc8,1
182,吴元兴,264,265.0,吴,末帝,孙皓,元兴,http://data.library.sh.cn/authority/temporal/yqtsrzmslys4tgfb,1
183,吴甘露,265,266.0,吴,末帝,孙皓,甘露,http://data.library.sh.cn/authority/temporal/sbds3qfwal9rprs7,1
184,吴宝鼎,266,269.0,吴,末帝,孙皓,宝鼎,http://data.library.sh.cn/authority/temporal/loitp8mdyag3nnq1,3
185,吴建衡,269,271.0,吴,末帝,孙皓,建衡,http://data.library.sh.cn/authority/temporal/xtq5p7j67uxk5zl4,2
186,吴凤凰,272,274.0,吴,末帝,孙皓,凤凰,http://data.library.sh.cn/authority/temporal/sxuxkw1tj3z5x2eh,2
187,吴天册,275,276.0,吴,末帝,孙皓,天册,http://data.library.sh.cn/authority/temporal/crwlsawe8lwszhlt,1
188,吴天玺,276,276.0,吴,末帝,孙皓,天玺,http://data.library.sh.cn/authority/temporal/touo8kfomvtxc2ld,0
189,吴天纪,277,280.0,吴,末帝,孙皓,天纪,http://data.library.sh.cn/authority/temporal/4c1bfwv44jpomjai,3
190,晋泰始,265,274.0,晋,武帝,司马炎,泰始,http://data.library.sh.cn/authority/temporal/759swioojkr47dgu,9
191,晋咸宁,275,280.0,晋,武帝,司马炎,咸宁,http://data.library.sh.cn/authority/temporal/7fpfs8yvnbjnpssk,5
192,晋太康,280,280.0,晋,武帝,司马炎,太康,http://data.library.sh.cn/authority/temporal/fo3y5vgrykmpbupv,0
193,晋太康,280,289.0,晋,武帝,司马炎,太康,http://data.library.sh.cn/authority/temporal/dhqeffghxbcfk7it,9
194,晋,281,420.0,晋,,,,http://data.library.sh.cn/authority/temporal/e4q96sxq5sqpcio3,139
195,西晋,281,316.0,西晋,,,,http://data.library.sh.cn/authority/temporal/xn8xoiqi5tl3kcez,35
196,晋太熙,290,290.0,晋,武帝,司马炎,太熙,http://data.library.sh.cn/authority/temporal/deeaa4z6p9ofqmh9,0
197,晋永熙,290,290.0,晋,惠帝,司马衷,永熙,http://data.library.sh.cn/authority/temporal/6tb99ya9zw7v4f44,0
198,晋永平,291,291.0,晋,惠帝,司马衷,永平,http://data.library.sh.cn/authority/temporal/882tsrnyqeaqf8kl,0
199,晋元康,291,299.0,晋,惠帝,司马衷,元康,http://data.library.sh.cn/authority/temporal/gvcanqzw4df6vt96,8
200,太平,300,301.0,,,赵廞,太平,http://data.library.sh.cn/authority/temporal/fndeuqjy6s4muptx,1
201,晋永康,300,301.0,晋,惠帝,司马衷,永康,http://data.library.sh.cn/authority/temporal/duhjgiq3oge93xwq,1
202,建始,301,301.0,,,司马伦,建始,http://data.library.sh.cn/authority/temporal/5hbecpo2dyi1kshz,0
203,晋永宁,301,302.0,晋,惠帝,司马衷,永宁,http://data.library.sh.cn/authority/temporal/cykiu2il6yez449g,1
204,晋太安,302,303.0,晋,惠帝,司马衷,太安,http://data.library.sh.cn/authority/temporal/33x53k6wjjn6wr4a,1
205,神凤,303,303.0,,,刘尼,神凤,http://data.library.sh.cn/authority/temporal/xx8f4kd2a9c5neto,0
206,成建初,303,303.0,成;汉,,李特,建初,http://data.library.sh.cn/authority/temporal/l7nrukl9xheagqqc,0
207,成建初,303,304.0,成;汉,,李雄,建初,http://data.library.sh.cn/authority/temporal/p3pa7iwz6gu6avjc,1
208,成建初,303,303.0,成;汉,,李流,建初,http://data.library.sh.cn/authority/temporal/9dpkuske13155x1p,0
209,汉元熙,304,308.0,前赵;汉,,刘渊,元熙,http://data.library.sh.cn/authority/temporal/nim8jysvqhx76sl2,4
210,成建兴,304,306.0,成;汉,,李雄,建兴,http://data.library.sh.cn/authority/temporal/xb2939t9nzb9e88x,2
211,晋永安,304,305.0,晋,惠帝,司马衷,永安,http://data.library.sh.cn/authority/temporal/qvax2ffj69wnlesp,1
212,晋永安,305,305.0,晋,惠帝,司马衷,永安,http://data.library.sh.cn/authority/temporal/348e75qfbzegxsui,0
213,晋建武,305,305.0,晋,惠帝,司马衷,建武,http://data.library.sh.cn/authority/temporal/2n8poc112lr2vvpg,0
214,晋永兴,305,306.0,晋,惠帝,司马衷,永兴,http://data.library.sh.cn/authority/temporal/ai1u5v1y8x8lde2a,1
215,成晏平,306,310.0,成;汉,,李雄,晏平,http://data.library.sh.cn/authority/temporal/uiza4e999i3l77ck,4
216,晋光熙,306,306.0,晋,惠帝,司马衷,光熙,http://data.library.sh.cn/authority/temporal/71slyg7nwze6mx3e,0
217,晋永嘉,307,313.0,晋,怀帝,司马炽,永嘉,http://data.library.sh.cn/authority/temporal/aagevrihgqfr1ef9,6
218,汉永凤,308,308.0,前赵;汉,,刘渊,永凤,http://data.library.sh.cn/authority/temporal/1fcbe2zwhx7gh73v,0
219,汉河瑞,309,310.0,前赵;汉,,刘渊,河瑞,http://data.library.sh.cn/authority/temporal/j4q42p1f5pv9fvjl,1
220,汉光兴,310,311.0,前赵;汉,,刘聪,光兴,http://data.library.sh.cn/authority/temporal/wmtjwzvi6b3oz3g7,1
221,汉嘉平,311,315.0,前赵;汉,,刘聪,嘉平,http://data.library.sh.cn/authority/temporal/pf2bgvp68gs5p5h1,4
222,成玉衡,311,335.0,成;汉,,李雄,玉衡,http://data.library.sh.cn/authority/temporal/y4c39xrxswqvx5ju,24
223,晋建兴,313,316.0,晋,愍帝,司马邺,建兴,http://data.library.sh.cn/authority/temporal/a13o1e75y5u5mb6d,3
224,汉建元,315,316.0,前赵;汉,,刘聪,建元,http://data.library.sh.cn/authority/temporal/o53tkh3cn83dc3gy,1
225,汉麟嘉,316,318.0,前赵;汉,,刘聪,麟嘉,http://data.library.sh.cn/authority/temporal/f9n7hrtg4w4ss4th,2
226,东晋,317,420.0,东晋,,,,http://data.library.sh.cn/authority/temporal/21lxcapqduaqmaif,103
227,前凉建兴,317,353.0,前凉,,张寔,建兴,http://data.library.sh.cn/authority/temporal/41ovxofa6fhtmk5w,36
228,东晋建武,317,318.0,东晋,元帝,司马睿,建武,http://data.library.sh.cn/authority/temporal/sorb1srfi8kq7e5t,1
229,汉光初,318,329.0,前赵;汉,,刘曜,光初,http://data.library.sh.cn/authority/temporal/npg32tdmgckm8lhx,11
230,汉汉昌,318,318.0,前赵;汉,,刘粲,汉昌,http://data.library.sh.cn/authority/temporal/i4ocarm154zvj85b,0
231,东晋大兴,318,322.0,东晋,元帝,司马睿,大兴;太兴,http://data.library.sh.cn/authority/temporal/x1cum2fq46fuhfit,4
232,后赵,319,328.0,后赵,,石勒,,http://data.library.sh.cn/authority/temporal/ex9s72e9j5snhp19,9
233,建康,319,320.0,,,司马保,建康,http://data.library.sh.cn/authority/temporal/n8canrklg1nc55az,1
234,平赵,320,320.0,,,句渠知,平赵,http://data.library.sh.cn/authority/temporal/lm8b89nyqvpzzyas,0
235,东晋永昌,322,323.0,东晋,明帝,司马绍,永昌,http://data.library.sh.cn/authority/temporal/qhohfgha7bvmaf6z,1
236,东晋太宁,323,326.0,东晋,明帝,司马绍,太宁,http://data.library.sh.cn/authority/temporal/ely7gzcezjov46mc,3
237,东晋咸和,326,334.0,东晋,成帝,司马衍,咸和,http://data.library.sh.cn/authority/temporal/iep9tgbt6luxvlls,8
238,后赵太和,328,330.0,后赵,,石勒,太和,http://data.library.sh.cn/authority/temporal/7kjm2lhqfbrnpscj,2
239,后赵建平,330,333.0,后赵,,石勒,建平,http://data.library.sh.cn/authority/temporal/efcmeqzh6wjvsds6,3
240,后赵延熙,334,334.0,后赵,,石弘,延熙,http://data.library.sh.cn/authority/temporal/1k9tsppv36rb4bwg,0
241,后赵建武,335,348.0,后赵,,石虎,建武,http://data.library.sh.cn/authority/temporal/ivoefdnybsytaqnn,13
242,东晋咸康,335,342.0,东晋,成帝,司马衍,咸康,http://data.library.sh.cn/authority/temporal/vvkplq2nnkszt31k,7
243,成玉恒,336,338.0,成;汉,,李期,玉恒,http://data.library.sh.cn/authority/temporal/67phxfsamlxh2d1q,2
244,龙兴,337,337.0,,,侯子光,龙兴,http://data.library.sh.cn/authority/temporal/gobmyxbus7oncd8b,0
245,前燕,337,348.0,前燕,,慕容皝,,http://data.library.sh.cn/authority/temporal/fslt6f9vytei4ekl,11
246,成汉兴,338,343.0,成;汉,,李寿,汉兴,http://data.library.sh.cn/authority/temporal/tonhgohv4vgspyn7,5
247,代建国,338,376.0,代,,拓跋什翼犍,建国,http://data.library.sh.cn/authority/temporal/6va2dmmi7bjw5sll,38
248,成汉兴,343,343.0,成;汉,,李势,汉兴,http://data.library.sh.cn/authority/temporal/rqz5r3bo8xoscwcl,0
249,东晋建元,343,344.0,东晋,康帝,司马岳,建元,http://data.library.sh.cn/authority/temporal/nrlegpr7vtxqeuux,1
250,成太和,344,346.0,成;汉,,李势,太和,http://data.library.sh.cn/authority/temporal/rr5qkdlxaha84bkc,2
251,东晋永和,345,356.0,东晋,穆帝,司马聃,永和,http://data.library.sh.cn/authority/temporal/ap4i78hnrysil4il,11
252,成嘉宁,346,347.0,成;汉,,李势,嘉宁,http://data.library.sh.cn/authority/temporal/pzog2toaxrwqld6l,1
253,前燕,349,352.0,前燕,,慕容儁,,http://data.library.sh.cn/authority/temporal/yz1w4ityh8r8idn1,3
254,后赵太宁,349,349.0,后赵,,石虎,太宁,http://data.library.sh.cn/authority/temporal/h1hgitvu3hzowe3p,0
255,前秦,350,350.0,前秦,,苻洪,,http://data.library.sh.cn/authority/temporal/fdpnx55jfwurxytj,0
256,冉魏永兴,350,352.0,冉魏,,冉闵,永兴,http://data.library.sh.cn/authority/temporal/khklitxc9ycsvoym,2
257,后赵青龙,350,350.0,后赵,,石世,青龙,http://data.library.sh.cn/authority/temporal/bdka43e9wkkt8cu3,0
258,后赵永宁,350,351.0,后赵,,石祗,永宁,http://data.library.sh.cn/authority/temporal/5e8hzsalzoujpfxw,1
259,前秦皇始,351,355.0,前秦,,苻健,皇始,http://data.library.sh.cn/authority/temporal/7n1z6wft3dyhystb,4
260,前燕元玺,352,357.0,前燕,,慕容儁,元玺,http://data.library.sh.cn/authority/temporal/q9awzxh99vflun9r,5
261,前凉和平,354,355.0,前凉,,张祚,和平,http://data.library.sh.cn/authority/temporal/wec5mhw4n1gol7o3,1
262,前凉建兴,355,361.0,前凉,,张玄靓,建兴,http://data.library.sh.cn/authority/temporal/87vfg12xysympcmm,6
263,前秦寿光,355,357.0,前秦,,苻生,寿光,http://data.library.sh.cn/authority/temporal/1ipgezofxoklvuve,2
264,前秦永兴,357,359.0,前秦,,苻坚,永兴,http://data.library.sh.cn/authority/temporal/hatq6uj2ygq75yoj,2
265,前燕光寿,357,359.0,前燕,,慕容儁,光寿,http://data.library.sh.cn/authority/temporal/x12txcyd2ngnchce,2
266,东晋升平,357,361.0,东晋,穆帝,司马聃,升平,http://data.library.sh.cn/authority/temporal/5agyc1dw9pbqhc8p,4
267,前秦甘露,359,364.0,前秦,,苻坚,甘露,http://data.library.sh.cn/authority/temporal/awgbxcxxemeestkh,5
268,前燕建熙,360,370.0,前燕,,慕容暐,建熙,http://data.library.sh.cn/authority/temporal/aep58kxmhpekhiht,10
269,前凉升平,361,376.0,前凉,,张玄靓,升平,http://data.library.sh.cn/authority/temporal/uwl3fok7rcqrm79n,15
270,东晋隆和,362,363.0,东晋,哀帝,司马丕,隆和,http://data.library.sh.cn/authority/temporal/4a2882kizdby2udi,1
271,东晋兴宁,363,365.0,东晋,哀帝,司马丕,兴宁,http://data.library.sh.cn/authority/temporal/y1ytzb8euaiurt8c,2
272,前秦建元,365,385.0,前秦,,苻坚,建元,http://data.library.sh.cn/authority/temporal/thikwkqrr2t6hwap,20
273,东晋太和,366,371.0,东晋,废帝,司马奕,太和,http://data.library.sh.cn/authority/temporal/v4htuktvexdm3cg8,5
274,凤凰,370,370.0,,,李弘,凤凰,http://data.library.sh.cn/authority/temporal/b15wc9dee8yfi5xq,0
275,东晋咸安,371,372.0,东晋,简文帝,司马昱,咸安,http://data.library.sh.cn/authority/temporal/6mll8w8vcrvwomwa,1
276,东晋宁康,373,375.0,东晋,孝武帝,司马曜,宁康,http://data.library.sh.cn/authority/temporal/87957bvxwyd96fpy,2
277,东晋太元,376,396.0,东晋,孝武帝,司马曜,太元,http://data.library.sh.cn/authority/temporal/o66peie5uq7orcmy,20
278,后秦白雀,384,386.0,后秦,,姚苌,白雀,http://data.library.sh.cn/authority/temporal/rerrvzs5i41ek322,2
279,后燕燕元,384,386.0,后燕,,慕容垂,燕元,http://data.library.sh.cn/authority/temporal/qpf6tvrdf3uigzid,2
280,后秦白雀,384,386.0,后秦,,姚苌,白雀,http://data.library.sh.cn/authority/temporal/5xzvownn7cviildh,2
281,西燕燕兴,384,384.0,西燕,,慕容泓,燕兴,http://data.library.sh.cn/authority/temporal/6ppukrc66giizztl,0
282,前秦太安,385,386.0,前秦,,苻丕,太安,http://data.library.sh.cn/authority/temporal/4rg9wy76h8h1yusu,1
283,西燕更始,385,386.0,西燕,,慕容冲,更始,http://data.library.sh.cn/authority/temporal/s9u6klxxh8qwmj4j,1
284,西秦建义,385,388.0,西秦,,乞伏国仁,建义,http://data.library.sh.cn/authority/temporal/nyua2pdcu3e8rfr1,3
285,后燕建兴,386,396.0,后燕,,慕容垂,建兴,http://data.library.sh.cn/authority/temporal/hk99dqy2dyscqksi,10
286,后秦建初,386,394.0,后秦,,姚苌,建初,http://data.library.sh.cn/authority/temporal/31h1cdydu53bwx5k,8
287,后凉太安,386,389.0,后凉,,吕光,大安;太安,http://data.library.sh.cn/authority/temporal/31r8d7pv7cszdi1i,3
288,西燕昌平,386,387.0,西燕,,段随,昌平,http://data.library.sh.cn/authority/temporal/gzoces1o85of1d1x,1
289,前秦太初,386,394.0,前秦,,苻登,太初,http://data.library.sh.cn/authority/temporal/fapicjla6u3xcc51,8
290,西燕建明,387,388.0,西燕,,慕容顗,建明,http://data.library.sh.cn/authority/temporal/g646cintnmwm3bir,1
291,北魏登国,387,396.0,北魏,道武帝,拓跋珪,登国,http://data.library.sh.cn/authority/temporal/qrrpo6xemfzxb9ej,9
292,西燕建平,388,389.0,西燕,,慕容瑶,建平,http://data.library.sh.cn/authority/temporal/cdlwuqvsqked4jpu,1
293,西秦太初,388,400.0,西秦,,乞伏乾归,太初,http://data.library.sh.cn/authority/temporal/yfyzylbhgrs6hsfd,12
294,西燕建武,389,390.0,西燕,,慕容忠,建武,http://data.library.sh.cn/authority/temporal/1sxouuabt2qppmr1,1
295,后凉麟嘉,389,396.0,后凉,,吕光,麟嘉,http://data.library.sh.cn/authority/temporal/43pkuu1eols7y8mw,7
296,西燕中兴,390,394.0,西燕,,慕容永,中兴,http://data.library.sh.cn/authority/temporal/touwlrjjfunlueh7,4
297,前秦延初,394,394.0,前秦,,苻崇,延初,http://data.library.sh.cn/authority/temporal/i7dxrek7j32mwfo4,0
298,后秦皇初,394,399.0,后秦,,姚兴,皇初,http://data.library.sh.cn/authority/temporal/hulshx5nizy7d4x1,5
299,后凉龙飞,396,399.0,后凉,,吕光,龙飞,http://data.library.sh.cn/authority/temporal/x8751ofsp62kjtqt,3
300,后燕永康,396,398.0,后燕,,慕容宝,永康,http://data.library.sh.cn/authority/temporal/om9zbpqfgkunlfj9,2
301,北魏皇始,396,398.0,北魏,道武帝,拓跋珪,皇始,http://data.library.sh.cn/authority/temporal/sag5ex1iu947hbk2,2
302,北凉神玺,396,398.0,北凉,,段业,神玺,http://data.library.sh.cn/authority/temporal/44wrd9wm6krxbbxn,2
303,南燕延平,397,397.0,南燕,,慕容麟,延平,http://data.library.sh.cn/authority/temporal/dzdc7jnin1l6ldeu,0
304,南凉太初,397,399.0,南凉,,秃髮乌孤,太初,http://data.library.sh.cn/authority/temporal/9xfzdakwn1wzfhlm,2
305,东晋隆安,397,401.0,东晋,安帝,司马德宗,隆安,http://data.library.sh.cn/authority/temporal/9miy4r4uvjbhtfhj,4
306,南燕建始,397,397.0,南燕,,慕容详,建始,http://data.library.sh.cn/authority/temporal/mu99yrt998orijpj,0
307,南燕,398,399.0,南燕,,慕容德,,http://data.library.sh.cn/authority/temporal/zr3yp5qd449ijm98,1
308,青龙,398,398.0,,,兰汗,青龙,http://data.library.sh.cn/authority/temporal/vog75aljxox6o376,0
309,后燕建平,398,398.0,后燕,,慕容盛,建平,http://data.library.sh.cn/authority/temporal/2opw3gpi11has2o8,0
310,北凉天玺,398,401.0,北凉,,段业,天玺,http://data.library.sh.cn/authority/temporal/mwgndj4agyqwwqm4,3
311,北魏天兴,398,404.0,北魏,道武帝,拓跋珪,天兴,http://data.library.sh.cn/authority/temporal/qwovk371faum9xt7,6
312,后秦弘始,399,416.0,后秦,,姚兴,弘始,http://data.library.sh.cn/authority/temporal/srt3vkxgu4rx1k8w,17
313,后燕长乐,399,401.0,后燕,,慕容盛,长乐,http://data.library.sh.cn/authority/temporal/x9sx3q3jjdmxt7qt,2
314,后凉承康,399,400.0,后凉,,吕绍,承康,http://data.library.sh.cn/authority/temporal/rvnhm49lwomhvqxd,1
315,南燕建平,400,405.0,南燕,,慕容德,建平,http://data.library.sh.cn/authority/temporal/2madv7bf2uknxwoo,5
316,南凉建和,400,402.0,南凉,,秃髮利鹿孤,建和,http://data.library.sh.cn/authority/temporal/jq5yzepxqzsagemm,2
317,西凉庚子,400,404.0,西凉,,李暠,庚子,http://data.library.sh.cn/authority/temporal/ey21t7scwmyf95tq,4
318,永始,401,404.0,,,桓玄,永始,http://data.library.sh.cn/authority/temporal/burbklxi1u6a8en8,3
319,后燕光始,401,407.0,后燕,,慕容熙,光始,http://data.library.sh.cn/authority/temporal/aqdpqzm9d9zelta7,6
320,后凉咸宁,401,401.0,后凉,,吕纂,咸宁,http://data.library.sh.cn/authority/temporal/5gufxjdt2xom753h,0
321,北凉永安,401,412.0,北凉,,沮渠蒙逊,永安,http://data.library.sh.cn/authority/temporal/d7x2uy6zcyhqpoks,11
322,后凉神鼎,401,403.0,后凉,,吕隆,神鼎,http://data.library.sh.cn/authority/temporal/i524uohjcxlqb3qv,2
323,东晋元兴,402,403.0,东晋,安帝,司马德宗,元兴,http://data.library.sh.cn/authority/temporal/7qoibz4hyub5xosg,1
324,南凉弘昌,402,404.0,南凉,,秃髮傉檀,弘昌,http://data.library.sh.cn/authority/temporal/3ho22mhpth8w8uy4,2
325,东晋大亨,403,403.0,东晋,安帝,司马德宗,大亨,http://data.library.sh.cn/authority/temporal/jxbm2w59uwzfejjd,0
326,东晋元兴,404,404.0,东晋,安帝,司马德宗,元兴,http://data.library.sh.cn/authority/temporal/mtme6wjkuhvmptxe,0
327,北魏天赐,404,410.0,北魏,道武帝,拓跋珪,天赐,http://data.library.sh.cn/authority/temporal/elloygibp3846umw,6
328,东晋义熙,405,418.0,东晋,安帝,司马德宗,义熙,http://data.library.sh.cn/authority/temporal/hmocr5kdvyc1zxkt,13
329,南燕太上,405,410.0,南燕,,慕容超,太上,http://data.library.sh.cn/authority/temporal/6pb7b8vs4gfvc1h6,5
330,西凉建初,405,417.0,西凉,,李暠,建初,http://data.library.sh.cn/authority/temporal/azpdlaoy7sx5vbcw,12
331,西秦更始,407,412.0,西秦,,乞伏乾归,更始,http://data.library.sh.cn/authority/temporal/bqt38rprt9zeq612,5
332,胡夏龙昇,407,413.0,胡夏,,赫连勃勃,龙昇,http://data.library.sh.cn/authority/temporal/i7pdzuwk392ajhtb,6
333,后燕建始,407,408.0,后燕,,慕容熙,建始,http://data.library.sh.cn/authority/temporal/xom1goesh7gr9pik,1
334,南凉嘉平,407,415.0,南凉,,秃髮傉檀,嘉平,http://data.library.sh.cn/authority/temporal/i5rgzmo9duxubt92,8
335,北燕正始,408,410.0,北燕,,高雲,正始,http://data.library.sh.cn/authority/temporal/voqzksxpe2jvpcb5,2
336,北魏永兴,410,413.0,北魏,明元帝,拓跋嗣,永兴,http://data.library.sh.cn/authority/temporal/l8zobg6x2zgm4533,3
337,北燕太平,410,420.0,北燕,,冯跋,太平,http://data.library.sh.cn/authority/temporal/e8qk1nbugeisk22d,10
338,西秦永康,412,419.0,西秦,,乞伏炽磐,永康,http://data.library.sh.cn/authority/temporal/q9uyn9e7jmwt2wnf,7
339,北凉玄始,412,420.0,北凉,,沮渠蒙逊,玄始,http://data.library.sh.cn/authority/temporal/5psm1qtb2nz51g4e,8
340,胡夏凤翔,413,418.0,胡夏,,赫连勃勃,凤翔,http://data.library.sh.cn/authority/temporal/aqvtsbdajcpjsi9g,5
341,北魏神瑞,414,416.0,北魏,明元帝,拓跋嗣,神瑞,http://data.library.sh.cn/authority/temporal/e1hoktj7tae9mbhx,2
342,南凉建平,415,416.0,南凉,,刘虎;白亚栗斯,建平,http://data.library.sh.cn/authority/temporal/t5izdjm3kvej6e55,1
343,北魏泰常,416,420.0,北魏,明元帝,拓跋嗣,泰常,http://data.library.sh.cn/authority/temporal/89ncmrrtjfzjwzpm,4
344,后秦永和,416,417.0,后秦,,姚泓,永和,http://data.library.sh.cn/authority/temporal/jlxv84gnjjmmlkym,1
345,西凉嘉兴,417,420.0,西凉,,李歆,嘉兴,http://data.library.sh.cn/authority/temporal/x6qqzyhft5c5d6hy,3
346,胡夏昌武,418,419.0,胡夏,,赫连勃勃,昌武,http://data.library.sh.cn/authority/temporal/kpmfpikv61fjgd3i,1
347,胡夏真兴,419,420.0,胡夏,,赫连勃勃,真兴,http://data.library.sh.cn/authority/temporal/llccf1uamsi8km69,1
348,东晋元熙,419,420.0,东晋,恭帝,司马德文,元熙,http://data.library.sh.cn/authority/temporal/btouqplmphfzg46v,1
349,西秦建弘,420,420.0,西秦,,乞伏炽磐,建弘,http://data.library.sh.cn/authority/temporal/443i7njox2adyvmh,0
350,西凉永建,420,420.0,西凉,,李恂,永建,http://data.library.sh.cn/authority/temporal/vxfb2rg9phlxs47p,0
351,胡夏胜光,428,431.0,胡夏,,赫连定,胜光,http://data.library.sh.cn/authority/temporal/y8m25t6dis5wp1mb,3
352,西晋,281,316.0,西晋,,,,http://data.library.sh.cn/authority/temporal/xn8xoiqi5tl3kcez,35
353,东晋,317,420.0,东晋,,,,http://data.library.sh.cn/authority/temporal/21lxcapqduaqmaif,103
354,东晋建武,317,318.0,东晋,元帝,司马睿,建武,http://data.library.sh.cn/authority/temporal/sorb1srfi8kq7e5t,1
355,东晋大兴,318,322.0,东晋,元帝,司马睿,大兴;太兴,http://data.library.sh.cn/authority/temporal/x1cum2fq46fuhfit,4
356,东晋永昌,322,323.0,东晋,明帝,司马绍,永昌,http://data.library.sh.cn/authority/temporal/qhohfgha7bvmaf6z,1
357,东晋太宁,323,326.0,东晋,明帝,司马绍,太宁,http://data.library.sh.cn/authority/temporal/ely7gzcezjov46mc,3
358,东晋咸和,326,334.0,东晋,成帝,司马衍,咸和,http://data.library.sh.cn/authority/temporal/iep9tgbt6luxvlls,8
359,东晋咸康,335,342.0,东晋,成帝,司马衍,咸康,http://data.library.sh.cn/authority/temporal/vvkplq2nnkszt31k,7
360,东晋建元,343,344.0,东晋,康帝,司马岳,建元,http://data.library.sh.cn/authority/temporal/nrlegpr7vtxqeuux,1
361,东晋永和,345,356.0,东晋,穆帝,司马聃,永和,http://data.library.sh.cn/authority/temporal/ap4i78hnrysil4il,11
362,东晋升平,357,361.0,东晋,穆帝,司马聃,升平,http://data.library.sh.cn/authority/temporal/5agyc1dw9pbqhc8p,4
363,东晋隆和,362,363.0,东晋,哀帝,司马丕,隆和,http://data.library.sh.cn/authority/temporal/4a2882kizdby2udi,1
364,东晋兴宁,363,365.0,东晋,哀帝,司马丕,兴宁,http://data.library.sh.cn/authority/temporal/y1ytzb8euaiurt8c,2
365,东晋太和,366,371.0,东晋,废帝,司马奕,太和,http://data.library.sh.cn/authority/temporal/v4htuktvexdm3cg8,5
366,东晋咸安,371,372.0,东晋,简文帝,司马昱,咸安,http://data.library.sh.cn/authority/temporal/6mll8w8vcrvwomwa,1
367,东晋宁康,373,375.0,东晋,孝武帝,司马曜,宁康,http://data.library.sh.cn/authority/temporal/87957bvxwyd96fpy,2
368,东晋太元,376,396.0,东晋,孝武帝,司马曜,太元,http://data.library.sh.cn/authority/temporal/o66peie5uq7orcmy,20
369,东晋隆安,397,401.0,东晋,安帝,司马德宗,隆安,http://data.library.sh.cn/authority/temporal/9miy4r4uvjbhtfhj,4
370,东晋元兴,402,403.0,东晋,安帝,司马德宗,元兴,http://data.library.sh.cn/authority/temporal/7qoibz4hyub5xosg,1
371,东晋大亨,403,403.0,东晋,安帝,司马德宗,大亨,http://data.library.sh.cn/authority/temporal/jxbm2w59uwzfejjd,0
372,东晋元兴,404,404.0,东晋,安帝,司马德宗,元兴,http://data.library.sh.cn/authority/temporal/mtme6wjkuhvmptxe,0
373,东晋义熙,405,418.0,东晋,安帝,司马德宗,义熙,http://data.library.sh.cn/authority/temporal/hmocr5kdvyc1zxkt,13
374,胡夏龙昇,407,413.0,胡夏,,赫连勃勃,龙昇,http://data.library.sh.cn/authority/temporal/i7pdzuwk392ajhtb,6
375,胡夏凤翔,413,418.0,胡夏,,赫连勃勃,凤翔,http://data.library.sh.cn/authority/temporal/aqvtsbdajcpjsi9g,5
376,胡夏昌武,418,419.0,胡夏,,赫连勃勃,昌武,http://data.library.sh.cn/authority/temporal/kpmfpikv61fjgd3i,1
377,胡夏真兴,419,420.0,胡夏,,赫连勃勃,真兴,http://data.library.sh.cn/authority/temporal/llccf1uamsi8km69,1
378,东晋元熙,419,420.0,东晋,恭帝,司马德文,元熙,http://data.library.sh.cn/authority/temporal/btouqplmphfzg46v,1
379,胡夏胜光,428,431.0,胡夏,,赫连定,胜光,http://data.library.sh.cn/authority/temporal/y8m25t6dis5wp1mb,3
380,圣明,406,406.0,,,陈瞻,圣明,http://data.library.sh.cn/authority/temporal/bu5jp3qxdisrb4r6,0
381,南凉建平,415,416.0,南凉,,刘虎;白亚栗斯,建平,http://data.library.sh.cn/authority/temporal/t5izdjm3kvej6e55,1
382,南北朝,420,589.0,南北朝,,,,http://data.library.sh.cn/authority/temporal/5i5tfgls2eofno3s,169
383,西秦凤翔,420,428.0,西秦,,龙昇,凤翔,http://data.library.sh.cn/authority/temporal/v4gmhbejyqmnw4q1,8
384,北魏泰常,420,423.0,北魏,,NON,泰常,http://data.library.sh.cn/authority/temporal/zix3rpq6ss4fzbz5,3
385,北凉玄始,420,428.0,北凉,,沮渠蒙逊,玄始,http://data.library.sh.cn/authority/temporal/46rll74uqosg839j,8
386,北燕永康,420,430.0,北燕,,乞伏炽磐,永康,http://data.library.sh.cn/authority/temporal/7zrqfugejdhxw2be,10
387,西凉永建,420,421.0,西凉,,李恂,永建,http://data.library.sh.cn/authority/temporal/4hsdazocx3odvpqf,1
388,南朝宋永初,420,422.0,南朝宋,武帝,刘裕,永初,http://data.library.sh.cn/authority/temporal/2xss4el8viwbpcy4,2
389,夏建平,421,428.0,夏,,刘虎;白亚栗斯,建平,http://data.library.sh.cn/authority/temporal/izq73mev4g3ajor2,7
390,永和,422,426.0,,,姚泓,永和,http://data.library.sh.cn/authority/temporal/1lj748c48wkjir36,4
391,南朝宋景平,423,424.0,南朝宋,少帝,刘义符,景平,http://data.library.sh.cn/authority/temporal/gnco7u6il7wmxef5,1
392,北魏始光,424,428.0,北魏,太武帝,拓跋焘,始光,http://data.library.sh.cn/authority/temporal/he8qzmgecdz4uv43,4
393,南朝宋元嘉,424,453.0,南朝宋,文帝,刘义隆,元嘉,http://data.library.sh.cn/authority/temporal/jhrtf9kfdxa7j97c,29
394,北魏神麚,428,431.0,北魏,太武帝,拓跋焘,神麚,http://data.library.sh.cn/authority/temporal/2qp68on88us2xz2o,3
395,西秦永弘,428,431.0,西秦,,乞伏暮末,永弘,http://data.library.sh.cn/authority/temporal/lztlkfnx5lhl6ui8,3
396,北凉承玄,428,431.0,北凉,,沮渠蒙逊,承玄,http://data.library.sh.cn/authority/temporal/nxuqkrtrgl71y2cc,3
397,北燕冯弘,430,430.0,北燕,,乞伏炽磐,冯弘,http://data.library.sh.cn/authority/temporal/9bkoaaxjwtyomykt,0
398,西秦昌武,431,431.0,西秦,,乞伏暮末,昌武,http://data.library.sh.cn/authority/temporal/hktmmulk9oaq2423,0
399,西秦真兴,431,431.0,西秦,,乞伏暮末,真兴,http://data.library.sh.cn/authority/temporal/fztdx37xm914ader,0
400,北燕建弘,431,436.0,北燕,,乞伏炽磐,建弘,http://data.library.sh.cn/authority/temporal/ysh28iuu62mtl6x4,5
401,北凉义和,431,433.0,北凉,,沮渠蒙逊,义和,http://data.library.sh.cn/authority/temporal/tf5696y1lqpkfs9z,2
402,泰始,432,437.0,,,程道养,泰始,http://data.library.sh.cn/authority/temporal/xx88vihczog4bvfx,5
403,北魏延和,432,434.0,北魏,太武帝,拓跋焘,延和,http://data.library.sh.cn/authority/temporal/etarx5tv2mrcbx9e,2
404,北凉永和,434,440.0,北凉,,沮渠牧犍;茂虔,承和;永和,http://data.library.sh.cn/authority/temporal/kjbdc1af1an2x71w,6
405,北魏太延,435,440.0,北魏,太武帝,拓跋焘,太延,http://data.library.sh.cn/authority/temporal/34yp642vl3jivzim,5
406,建义,436,442.0,,,杨难当,建义,http://data.library.sh.cn/authority/temporal/m4yc5ifqe5b4rmyu,6
407,北魏太平真君,440,451.0,北魏,太武帝,拓跋焘,太平真君,http://data.library.sh.cn/authority/temporal/oln32dsq9mtme7z9,11
408,北凉承平,441,460.0,北凉,,沮渠无讳,承平,http://data.library.sh.cn/authority/temporal/b8ysvimbrqy5q6pl,19
409,北魏正平,451,452.0,北魏,太武帝,拓跋焘,正平,http://data.library.sh.cn/authority/temporal/acukmb8b7c1i76dm,1
410,北魏承平,452,453.0,北魏,南安王,拓跋余,承平;永平,http://data.library.sh.cn/authority/temporal/ewic2so6sellt3cc,1
411,太初,453,453.0,,,刘劭,太初,http://data.library.sh.cn/authority/temporal/abw7yaalchdudkbp,0
412,北魏兴安,453,455.0,北魏,文成帝,拓跋濬,兴安,http://data.library.sh.cn/authority/temporal/twojj3tky2uf8lym,2
413,南朝宋孝建,454,456.0,南朝宋,孝武帝,刘骏,孝建,http://data.library.sh.cn/authority/temporal/xatg9m2vyz8tddd1,2
414,北魏兴光,455,459.0,北魏,文成帝,拓跋濬,兴光,http://data.library.sh.cn/authority/temporal/sy46oikhc5p7nf31,4
415,北魏太安,455,455.0,北魏,文成帝,拓跋濬,太安,http://data.library.sh.cn/authority/temporal/gyewqnado4ekjy9n,0
416,南朝宋大明,457,464.0,南朝宋,孝武帝,刘骏,大明,http://data.library.sh.cn/authority/temporal/4yzlpaqguntedth3,7
417,北魏和平,460,465.0,北魏,文成帝,拓跋濬,和平,http://data.library.sh.cn/authority/temporal/4pm5rzpvcyrvshoq,5
418,柔然永康,464,484.0,柔然,,受罗部真可汗,永康,http://data.library.sh.cn/authority/temporal/69s8uks2dbmpmars,20
419,南朝宋永光,465,465.0,南朝宋,前废帝,刘子业,永光,http://data.library.sh.cn/authority/temporal/52cuuvfk24chtq5a,0
420,南朝宋景和,465,465.0,南朝宋,前废帝,刘子业,景和,http://data.library.sh.cn/authority/temporal/15a8jrfhphayrp63,0
421,南朝宋泰始,465,471.0,南朝宋,明帝,刘彧,泰始,http://data.library.sh.cn/authority/temporal/ghv8uzn43p3l535n,6
422,北魏天安,466,467.0,北魏,献文帝,拓跋弘,天安,http://data.library.sh.cn/authority/temporal/hvmtyds3caqqvddu,1
423,北魏皇兴,467,471.0,北魏,献文帝,拓跋弘,皇兴,http://data.library.sh.cn/authority/temporal/7d8sbfgjum1ndt4t,4
424,北魏延兴,471,476.0,北魏,孝文帝,元宏,延兴,http://data.library.sh.cn/authority/temporal/1d8tsxi4wnjinai9,5
425,南朝宋泰豫,472,472.0,南朝宋,明帝,刘彧,泰豫,http://data.library.sh.cn/authority/temporal/l6eun36qjsx22ehp,0
426,南朝宋元徽,473,477.0,南朝宋,后废帝,刘昱,元徽,http://data.library.sh.cn/authority/temporal/7za2lwuevdgxgur1,4
427,北魏承明,476,476.0,北魏,孝文帝,元宏,承明,http://data.library.sh.cn/authority/temporal/bnvgnsh8buss4zya,0
428,北魏太和,477,499.0,北魏,孝文帝,元宏,太和,http://data.library.sh.cn/authority/temporal/savsaojwo5g1p6io,22
429,南朝宋昇明,477,479.0,南朝宋,顺帝,刘準,昇明,http://data.library.sh.cn/authority/temporal/5zx95yp5b45bpfay,2
430,南齐建元,480,482.0,南齐,高帝,萧道成,建元,http://data.library.sh.cn/authority/temporal/8y3kyrwvdxuq8pgf,2
431,南齐永明,483,493.0,南齐,武帝,萧赜,永明,http://data.library.sh.cn/authority/temporal/chw9xq7jkkqcnu15,10
432,兴平,485,486.0,,,唐寓之,兴平,http://data.library.sh.cn/authority/temporal/xi7lk9p6blicj3b5,1
433,柔然太平,485,491.0,柔然,,伏名敦可汗,太平,http://data.library.sh.cn/authority/temporal/wtrghq8ls4rrvab6,6
434,柔然太安,492,505.0,柔然,,候其伏代库者可汗,太安,http://data.library.sh.cn/authority/temporal/1eq8ib28atkyt4k8,13
435,南齐隆昌,494,495.0,南齐,鬱林王,萧昭业,隆昌,http://data.library.sh.cn/authority/temporal/5ebpipuynsd61v2l,1
436,南齐延兴,495,495.0,南齐,海陵王,萧昭文,延兴,http://data.library.sh.cn/authority/temporal/5s2qzj1e6qphrp4r,0
437,南齐建武,495,498.0,南齐,明帝,萧鸾,建武,http://data.library.sh.cn/authority/temporal/wfpq126t2ybu3mbv,3
438,南齐永泰,498,498.0,南齐,东昏侯,萧宝卷,永泰,http://data.library.sh.cn/authority/temporal/zj385ksioq6zf52v,0
439,南齐永元,499,501.0,南齐,东昏侯,萧宝卷,永元,http://data.library.sh.cn/authority/temporal/dzktbpvwbmv4i3dy,2
440,建义,500,500.0,,,雍道晞,建义,http://data.library.sh.cn/authority/temporal/hksh4q64lnhdzotx,0
441,北魏景明,500,503.0,北魏,宣武帝,元恪,景明,http://data.library.sh.cn/authority/temporal/cxpmkpq7xsk92szt,3
442,南齐中兴,501,502.0,南齐,和帝,萧宝融,中兴,http://data.library.sh.cn/authority/temporal/neshqw3l83i5bqso,1
443,梁天监,503,519.0,梁,武帝,萧衍,天监,http://data.library.sh.cn/authority/temporal/bf195i3lq1i8hpqm,16
444,北魏正始,504,508.0,北魏,宣武帝,元恪,正始,http://data.library.sh.cn/authority/temporal/g9vmk1xzwcwp61nq,4
445,建明,506,506.0,,,吕苟儿,建明,http://data.library.sh.cn/authority/temporal/ctfeo8ltas5fsgmt,0
446,柔然始平,506,507.0,柔然,,佗汗可汗,始平,http://data.library.sh.cn/authority/temporal/u59nykt3lyta2zp9,1
447,柔然建昌,508,520.0,柔然,,豆罗伏跋豆伐可汗,建昌,http://data.library.sh.cn/authority/temporal/8sx6md9iq27jqr4c,12
448,北魏永平,508,512.0,北魏,宣武帝,元恪,永平,http://data.library.sh.cn/authority/temporal/nnlx3ab5wjg5nt4z,4
449,北魏延昌,512,515.0,北魏,宣武帝,元恪,延昌,http://data.library.sh.cn/authority/temporal/cjgzypd7x754n4g8,3
450,北魏熙平,516,518.0,北魏,孝明帝,元诩,熙平,http://data.library.sh.cn/authority/temporal/bm97wl47ik9ocew2,2
451,北魏神龟,518,520.0,北魏,孝明帝,元诩,神龟,http://data.library.sh.cn/authority/temporal/gc66rmk7e5p8m5hz,2
452,梁普通,520,527.0,梁,武帝,萧衍,普通,http://data.library.sh.cn/authority/temporal/wb3h3c7v48f1t1hg,7
453,北魏正光,520,525.0,北魏,孝明帝,元诩,正光,http://data.library.sh.cn/authority/temporal/isbc4jw1y6g8rxpj,5
454,真王,523,525.0,,,破六韩拔陵,真王,http://data.library.sh.cn/authority/temporal/j3adgs718r86ik44,2
455,天建,524,527.0,,,莫折念生,天建,http://data.library.sh.cn/authority/temporal/xlzyxhvammbcrigr,3
456,真王,525,528.0,,,杜洛周,真王,http://data.library.sh.cn/authority/temporal/sho27w2rmny31e2q,3
457,神嘉,525,535.0,,,刘蠡升,神嘉,http://data.library.sh.cn/authority/temporal/yv4dvcga1czq2gjm,10
458,北魏孝昌,525,527.0,北魏,孝明帝,元诩,孝昌,http://data.library.sh.cn/authority/temporal/vegv662mifiotg1z,2
459,鲁兴,526,526.0,,,鲜于修礼,鲁兴,http://data.library.sh.cn/authority/temporal/dhhe95v8l4ozxe2m,0
460,广安,526,528.0,,,葛荣,广安,http://data.library.sh.cn/authority/temporal/ioz7ymt44hjv21yx,2
461,隆绪,527,528.0,,,萧宝寅,隆绪,http://data.library.sh.cn/authority/temporal/yiifcof65iv19t6h,1
462,梁大通,527,529.0,梁,武帝,萧衍,大通,http://data.library.sh.cn/authority/temporal/fq7f9epifcro1msh,2
463,天统,528,529.0,,,邢杲,天统,http://data.library.sh.cn/authority/temporal/ac1llylnumapkzeo,1
464,神兽,528,530.0,,,万俟醜奴,神兽;神虎,http://data.library.sh.cn/authority/temporal/ocxugvq75dmfmp59,2
465,北魏武泰,528,530.0,北魏,孝明帝,元诩,武泰,http://data.library.sh.cn/authority/temporal/cb28gp81iupq74zw,2
466,孝基,529,529.0,,,元颢,孝基,http://data.library.sh.cn/authority/temporal/2o3gtqmge22gyyrq,0
467,建武,529,529.0,,,元颢,建武,http://data.library.sh.cn/authority/temporal/fn7349rgg9i8og9s,0
468,梁中大通,529,534.0,梁,武帝,萧衍,中大通,http://data.library.sh.cn/authority/temporal/6oqqry3jv5cenu6b,5
469,,530,530.0,,,高昌,,http://data.library.sh.cn/authority/temporal/pptpov5smktwp1ub,0
470,北魏建明,530,531.0,北魏,长广王,元晔,建明,http://data.library.sh.cn/authority/temporal/2xjouxridu8admxk,1
471,北魏建义,530,530.0,北魏,孝庄帝,元子攸,建义,http://data.library.sh.cn/authority/temporal/4hi1lne9o9593s5t,0
472,北魏永安,530,530.0,北魏,孝庄帝,元子攸,永安,http://data.library.sh.cn/authority/temporal/9961vy5q73kkqgi2,0
473,章和,531,548.0,,,麴坚,章和,http://data.library.sh.cn/authority/temporal/yslxj5gr6kx2tcaj,17
474,北魏普泰,531,532.0,北魏,节闵帝,元恭,普泰,http://data.library.sh.cn/authority/temporal/uos2m24bv4usvsut,1
475,北魏太昌,532,532.0,北魏,孝武帝,元修,太昌,http://data.library.sh.cn/authority/temporal/xqiae42z63d8vapa,0
476,北魏中兴,532,532.0,北魏,安定王,元朗,中兴,http://data.library.sh.cn/authority/temporal/6ausf72kyuz6q2ps,0
477,北魏永熙,533,534.0,北魏,安定王,元朗,永熙,http://data.library.sh.cn/authority/temporal/os2otx6sitda362u,1
478,北魏永兴,533,533.0,北魏,安定王,元朗,永兴,http://data.library.sh.cn/authority/temporal/q5mxn92fxbmy2uri,0
479,东魏天平,534,537.0,东魏,孝静帝,元善见,天平,http://data.library.sh.cn/authority/temporal/m5kjmcy7mvyczv24,3
480,上愿,535,535.0,,,鲜于琛,上愿,http://data.library.sh.cn/authority/temporal/3kc9jwuqowrlbgwe,0
481,梁大同,535,546.0,梁,武帝,萧衍,大同,http://data.library.sh.cn/authority/temporal/i5c7tj45iiaueojs,11
482,西魏大统,535,551.0,西魏,文帝,元宝炬,大统,http://data.library.sh.cn/authority/temporal/738hpdq68vcwmv51,16
483,东魏元象,538,539.0,东魏,孝静帝,元善见,元象,http://data.library.sh.cn/authority/temporal/l6p4bsq5eui45fft,1
484,东魏兴和,539,542.0,东魏,孝静帝,元善见,兴和,http://data.library.sh.cn/authority/temporal/1ya17mgvuie55h4y,3
485,永汉,542,542.0,,,刘敬躬,永汉,http://data.library.sh.cn/authority/temporal/r97ihouinavo3t2m,0
486,东魏武定,543,550.0,东魏,孝静帝,元善见,武定,http://data.library.sh.cn/authority/temporal/skwwcpfvi9dd4bgx,7
487,梁中大同,546,547.0,梁,武帝,萧衍,中大同,http://data.library.sh.cn/authority/temporal/2tyi2qcjftdcvt37,1
488,梁太清,547,549.0,梁,武帝,萧衍,太清,http://data.library.sh.cn/authority/temporal/2spys97m2mohdqir,2
489,正平,548,549.0,,,萧正德,正平,http://data.library.sh.cn/authority/temporal/38id2fplfekva7e1,1
490,永平,549,550.0,,,麴玄喜,永平,http://data.library.sh.cn/authority/temporal/bflucq9hdzaneurh,1
491,梁大宝,550,550.0,梁,简文帝,萧纲,大宝,http://data.library.sh.cn/authority/temporal/fl7uo5xuecm2fyvp,0
492,和平,551,554.0,,,麴□,和平,http://data.library.sh.cn/authority/temporal/rothvfeetyjldc5p,3
493,太始,551,552.0,,,侯景,太始,http://data.library.sh.cn/authority/temporal/hgm9jzzjwrsn9c98,1
494,梁天正,551,553.0,梁,豫章王,萧栋,天正,http://data.library.sh.cn/authority/temporal/98tnhht2qrixcete,2
495,北齐天保,551,559.0,北齐,文宣帝,高洋,天保,http://data.library.sh.cn/authority/temporal/j8fvqsnog8tp2fc3,8
496,梁承圣,552,555.0,梁,元帝,萧绎,承圣,http://data.library.sh.cn/authority/temporal/n9u3rdpli664wlvt,3
497,西魏元钦,552,553.0,西魏,废帝,NON,元钦,http://data.library.sh.cn/authority/temporal/bc3qszaknsjenjny,1
498,梁承圣,553,554.0,梁,元帝,萧绎,承圣,http://data.library.sh.cn/authority/temporal/p3djldcondu9rx4b,1
499,西魏,554,556.0,西魏,恭帝,拓跋廓,,http://data.library.sh.cn/authority/temporal/qfltm9pik6417l4p,2
500,梁天正,554,554.0,梁,元帝,萧绎,天正,http://data.library.sh.cn/authority/temporal/s48w819s76i1dgqk,0
501,梁绍泰,555,556.0,梁,敬帝,萧方智,绍泰,http://data.library.sh.cn/authority/temporal/28q21ghtze1ef4ct,1
502,梁天成,555,555.0,梁,贞阳侯,萧渊明,天成,http://data.library.sh.cn/authority/temporal/gy8l58cnvon7ipze,0
503,高昌建昌,555,560.0,高昌,,麴宝茂,建昌,http://data.library.sh.cn/authority/temporal/bm4jfr7fd1kiagl7,5
504,后梁大定,555,562.0,后梁,宣帝,萧詧,大定,http://data.library.sh.cn/authority/temporal/1jnm8o5chh47dkxj,7
505,梁太平,556,557.0,梁,敬帝,萧方智,太平,http://data.library.sh.cn/authority/temporal/7e3zow6qrduqza1v,1
506,北周,557,558.0,北周,孝闵帝,宇文觉,,http://data.library.sh.cn/authority/temporal/lervhlfwb2z2qn6d,1
507,北周,558,560.0,北周,明帝,宇文毓,,http://data.library.sh.cn/authority/temporal/3bgxwceaiio37zpn,2
508,陈永定,558,560.0,陈,武帝,陈霸先,永定,http://data.library.sh.cn/authority/temporal/mxdzbys2i6cqofq4,2
509,陈天嘉,560,566.0,陈,文帝,陈蒨,天嘉,http://data.library.sh.cn/authority/temporal/hiw7ypcrq2n38v1u,6
510,北齐皇建,560,561.0,北齐,孝昭帝,高演,皇建,http://data.library.sh.cn/authority/temporal/ch4fgxcu7sj5st2r,1
511,北周武成,560,560.0,北周,明帝,宇文毓,武成,http://data.library.sh.cn/authority/temporal/lzonxl4bklv55ntc,0
512,北齐乾明,560,560.0,北齐,废帝,高殷,乾明,http://data.library.sh.cn/authority/temporal/98mi65qdzg8j7btc,0
513,高昌延昌,561,589.0,高昌,,麴乾固,延昌,http://data.library.sh.cn/authority/temporal/dbvlcnjnf2w148ip,28
514,北周保定,561,565.0,北周,武帝,宇文邕,保定,http://data.library.sh.cn/authority/temporal/sc7wp1b7if2jrgcu,4
515,北齐大宁,561,562.0,北齐,武成帝,高湛,大宁;太宁,http://data.library.sh.cn/authority/temporal/lu7aepjf7raprh8u,1
516,北齐河清,562,565.0,北齐,武成帝,高湛,河清,http://data.library.sh.cn/authority/temporal/pox62snnep4y5tsm,3
517,后梁天保,562,585.0,后梁,明帝,萧岿,天保,http://data.library.sh.cn/authority/temporal/knk5ma41orsmupev,23
518,北齐天统,565,569.0,北齐,后主,高纬,天统,http://data.library.sh.cn/authority/temporal/xutcww74pgau28fr,4
519,陈天康,566,566.0,陈,文帝,陈蒨,天康,http://data.library.sh.cn/authority/temporal/ij81rtjs3lzbtt6y,0
520,北周天和,566,572.0,北周,武帝,宇文邕,天和,http://data.library.sh.cn/authority/temporal/1a2vfo71739pnyhe,6
521,陈光大,567,568.0,陈,废帝,陈伯宗,光大,http://data.library.sh.cn/authority/temporal/f31p4znozjo5bxtw,1
522,陈太建,569,582.0,陈,宣帝,陈顼,太建,http://data.library.sh.cn/authority/temporal/nwi29bh1pc81gobn,13
523,北齐武平,570,576.0,北齐,后主,高纬,武平,http://data.library.sh.cn/authority/temporal/hpf8bpda868tp5qd,6
524,北周建德,572,578.0,北周,武帝,宇文邕,建德,http://data.library.sh.cn/authority/temporal/1843d7oqqlvuker5,6
525,北齐隆化,576,577.0,北齐,后主,高纬,隆化,http://data.library.sh.cn/authority/temporal/oy3rem69qpftjeab,1
526,北齐承光,577,,北齐,幼主,高恒,承光,http://data.library.sh.cn/authority/temporal/glvpbcmcui3yfien,0
527,北周宣政,578,578.0,北周,宣帝,宇文赟,宣政,http://data.library.sh.cn/authority/temporal/28m71xdsg6t142m1,0
528,北周大成,579,580.0,北周,宣帝,宇文赟,大成,http://data.library.sh.cn/authority/temporal/79d5kpgk9ovmeevq,1
529,北周大象,580,581.0,北周,静帝,宇文阐,大象,http://data.library.sh.cn/authority/temporal/g2lvd1zjxxbrtdqa,1
530,北周大定,581,581.0,北周,静帝,宇文阐,大定,http://data.library.sh.cn/authority/temporal/ipxw3qiit3ml6vsv,0
531,陈至德,583,586.0,陈,后主,陈叔宝,至德,http://data.library.sh.cn/authority/temporal/w8qj19cnomsor8ii,3
532,后梁广运,586,587.0,后梁,,萧琮,广运,http://data.library.sh.cn/authority/temporal/z5s8a31mj6h1gnj9,1
533,陈祯明,587,589.0,陈,后主,陈叔宝,祯明,http://data.library.sh.cn/authority/temporal/dw2ksiby8di8mfis,2
534,隋开皇,582,589.0,隋,文帝,杨坚,开皇,http://data.library.sh.cn/authority/temporal/ylyobpybbk442ev6,7
535,隋,589,618.0,隋,,,,http://data.library.sh.cn/authority/temporal/i9lwy7pb6y5rz8xo,29
536,隋开皇,589,600.0,隋,文帝,杨坚,开皇,http://data.library.sh.cn/authority/temporal/1p4t1rtattpetdfn,11
537,高昌延昌,589,601.0,高昌,,麴乾固,延昌,http://data.library.sh.cn/authority/temporal/i4gzq1997nn8nufc,12
538,隋仁寿,601,604.0,隋,文帝,杨坚,仁寿,http://data.library.sh.cn/authority/temporal/ogfkafsjwbff2t1p,3
539,高昌延和,602,613.0,高昌,,麴伯雅,延和,http://data.library.sh.cn/authority/temporal/3tv79m84ap736v3x,11
540,隋大业,605,618.0,隋,炀帝,杨广,大业,http://data.library.sh.cn/authority/temporal/3p7lhlwyzqjezwpt,13
541,白乌,613,613.0,,,向海明,白乌,http://data.library.sh.cn/authority/temporal/w1k2rltayvdkfahm,0
542,大世,614,614.0,,,刘迦论,大世,http://data.library.sh.cn/authority/temporal/gudsekjgaoqgxb9b,0
543,高昌义和,614,618.0,高昌,,麴□,义和,http://data.library.sh.cn/authority/temporal/bf218vii1c6fj4aq,4
544,昌达,615,618.0,,,朱粲,昌达,http://data.library.sh.cn/authority/temporal/5nsz6pu5numz1ls5,3
545,始兴,616,616.0,,,操师乞,始兴,http://data.library.sh.cn/authority/temporal/bg92fp1r8ceu2ncl,0
546,楚太平,616,618.0,楚,,林士弘,太平,http://data.library.sh.cn/authority/temporal/m9mfgfyvjwjpnshj,2
547,丑平,617,618.0,,,郭子和,丑平;正平,http://data.library.sh.cn/authority/temporal/o8zgcy1ysvyu3cwl,1
548,天兴,617,618.0,,,刘武周,天兴,http://data.library.sh.cn/authority/temporal/fc1bpe6kp4ip63wl,1
549,魏永平,617,618.0,魏,,李密,永平,http://data.library.sh.cn/authority/temporal/vvp4zppe81vsah87,1
550,梁鸣凤,617,618.0,梁,,萧铣,鸣凤,http://data.library.sh.cn/authority/temporal/jl1qvvfjrkb4igqb,1
551,梁永隆,617,618.0,梁,,梁师都,永隆,http://data.library.sh.cn/authority/temporal/morqizkjdraq42gk,1
552,安乐,618,618.0,,,李轨,安乐,http://data.library.sh.cn/authority/temporal/ekjzfp7wkcv8lfxb,0
553,隋皇泰,618,619.0,隋,越王,杨侗,皇泰,http://data.library.sh.cn/authority/temporal/lh2dpz8t7h9lg47r,1
554,隋皇泰,618,618.0,隋,越王,杨侗,皇泰,http://data.library.sh.cn/authority/temporal/jp1o55m8a6jepgiz,0
555,隋义宁,618,618.0,隋,恭帝,杨侑,义宁,http://data.library.sh.cn/authority/temporal/wq4sz9wjoq5f5kb5,0
556,隋克复,710,710.0,隋,中元;宗,李重福,克复,http://data.library.sh.cn/authority/temporal/n8fuvld8vq69vrsq,0
557,夏丁丑,617,618.0,夏,,窦建德,丁丑,http://data.library.sh.cn/authority/temporal/hm6tq9vl6nx7pa4l,1
558,唐,618,907.0,唐,,,,http://data.library.sh.cn/authority/temporal/icdquglj1cgbekqk,289
559,昌达,618,619.0,,,朱粲,昌达,http://data.library.sh.cn/authority/temporal/qyautsp4racb8ls1,1
560,天兴,618,620.0,,,刘武周,天兴,http://data.library.sh.cn/authority/temporal/3rg33wlc5dsm9qa3,2
561,安乐,618,623.0,,,李轨,安乐,http://data.library.sh.cn/authority/temporal/gixwquy55qpdd4r9,5
562,夏五凤,618,618.0,夏,,窦建德,五凤,http://data.library.sh.cn/authority/temporal/sh9ichrt69298cka,0
563,许天寿,618,619.0,许,,宇文化及,天寿,http://data.library.sh.cn/authority/temporal/ytj868kgun9tmahi,1
564,楚太平,618,622.0,楚,,林士弘,太平,http://data.library.sh.cn/authority/temporal/1dwijyeoweiftq8w,4
565,唐武德,618,626.0,唐,高祖,李渊,武德,http://data.library.sh.cn/authority/temporal/xjk8zocy2nz39f4a,8
566,梁永隆,618,628.0,梁,,梁师都,永隆,http://data.library.sh.cn/authority/temporal/y1lyqeazxb9or8mj,10
567,梁鸣凤,618,621.0,梁,,萧铣,鸣凤,http://data.library.sh.cn/authority/temporal/sqakp2qhv4j2ul7g,3
568,燕始兴,618,624.0,燕,,高开道,始兴,http://data.library.sh.cn/authority/temporal/c52xifg5c8f18ggk,6
569,夏五凤,618,621.0,夏,,窦建德,五凤,http://data.library.sh.cn/authority/temporal/fk9omvu42cf2rlao,3
570,高昌义和,618,619.0,高昌,,麴□,义和,http://data.library.sh.cn/authority/temporal/kv77na29tocjf8pb,1
571,延康,619,620.0,,,沈法兴,延康,http://data.library.sh.cn/authority/temporal/ol4o5apa2y4l7dnx,1
572,郑开明,619,621.0,郑,,王世充,开明,http://data.library.sh.cn/authority/temporal/gw35dpw8zef5j2lz,2
573,许明政,619,620.0,许,,李子通,明政,http://data.library.sh.cn/authority/temporal/juj1xken5mzps2ki,1
574,重光,621,622.0,,,麴文泰,重光,http://data.library.sh.cn/authority/temporal/15nlpikyfopksa3e,1
575,夏天造,622,623.0,夏,,刘黑闼,天造,http://data.library.sh.cn/authority/temporal/o21xjey9i9onrsyf,1
576,宋天明,623,624.0,宋,,辅公祏,天明,http://data.library.sh.cn/authority/temporal/5un7d1ndqhv3nle9,1
577,延寿,624,640.0,,,李轨,延寿,http://data.library.sh.cn/authority/temporal/elz6ohaatenfsqpj,16
578,唐贞观,627,649.0,唐,太宗,李世民,贞观,http://data.library.sh.cn/authority/temporal/ivhicy3jc7akw912,22
579,唐永徽,650,655.0,唐,高宗,李治,永徽,http://data.library.sh.cn/authority/temporal/i54m3tdernjlbaye,5
580,唐显庆,656,661.0,唐,高宗,李治,显庆,http://data.library.sh.cn/authority/temporal/a83tnsv4hbgqpaoh,5
581,唐龙朔,661,663.0,唐,高宗,李治,龙朔,http://data.library.sh.cn/authority/temporal/raxdblljged4j3jj,2
582,唐麟德,664,665.0,唐,高宗,李治,麟德,http://data.library.sh.cn/authority/temporal/9a1xos9znk7yr7lt,1
583,唐乾封,666,668.0,唐,高宗,李治,乾封,http://data.library.sh.cn/authority/temporal/7c6d4c9cuy5j9d48,2
584,唐总章,668,670.0,唐,高宗,李治,总章,http://data.library.sh.cn/authority/temporal/1mkx1p81epm91exn,2
585,唐咸亨,670,674.0,唐,高宗,李治,咸亨,http://data.library.sh.cn/authority/temporal/k47xbimzg7hi3fto,4
586,唐上元,674,676.0,唐,高宗,李治,上元,http://data.library.sh.cn/authority/temporal/95qfwfs47amo82w2,2
587,唐仪凤,676,679.0,唐,高宗,李治,仪凤,http://data.library.sh.cn/authority/temporal/aybvhok9afad2l8y,3
588,唐调露,679,680.0,唐,高宗,李治,调露,http://data.library.sh.cn/authority/temporal/cwk37yyfyfqr3rk2,1
589,唐永隆,680,681.0,唐,高宗,李治,永隆,http://data.library.sh.cn/authority/temporal/zxnbtb17jw9mr4zr,1
590,唐开耀,681,682.0,唐,高宗,李治,开耀,http://data.library.sh.cn/authority/temporal/23jr3blzhqfd2jb1,1
591,唐永淳,682,683.0,唐,高宗,李治,永淳,http://data.library.sh.cn/authority/temporal/u3prb7ld3m57yt1q,1
592,唐弘道,683,683.0,唐,中宗,李显,弘道,http://data.library.sh.cn/authority/temporal/4jnzledbjybf7687,0
593,唐嗣圣,684,684.0,唐,中宗,李显,嗣圣,http://data.library.sh.cn/authority/temporal/6nyfg4hekqcrgg5s,0
594,唐文明,684,684.0,唐,睿宗,李旦,文明,http://data.library.sh.cn/authority/temporal/foqmhtas34c6csew,0
595,唐垂拱,685,688.0,唐,,武则天,垂拱,http://data.library.sh.cn/authority/temporal/y6ni8cb3v6bv4n2o,3
596,唐光宅,685,685.0,唐,,武则天,光宅,http://data.library.sh.cn/authority/temporal/t685mlpix24mt1iy,0
597,唐载初,689,690.0,唐,,武则天,载初,http://data.library.sh.cn/authority/temporal/4m7nwdtgsyzoas1t,1
598,唐永昌,689,689.0,唐,,武则天,永昌,http://data.library.sh.cn/authority/temporal/5afe2ax3pepg7beu,0
599,唐天授,690,692.0,唐,,武则天,天授,http://data.library.sh.cn/authority/temporal/6c9o7qdszkzhly6b,2
600,唐如意,692,693.0,唐,,武则天,如意,http://data.library.sh.cn/authority/temporal/pfakljj8344jkgb8,1
601,唐长寿,693,694.0,唐,,武则天,长寿,http://data.library.sh.cn/authority/temporal/jfdp4rpvrgnlebrq,1
602,唐延载,694,695.0,唐,,武则天,延载,http://data.library.sh.cn/authority/temporal/axye5peu5h3itf2e,1
603,唐天册万岁,695,696.0,唐,,武则天,天册万岁,http://data.library.sh.cn/authority/temporal/udow65h1sq7epude,1
604,唐万岁通天,696,696.0,唐,,武则天,万岁通天,http://data.library.sh.cn/authority/temporal/ghje3tv3yetnljdq,0
605,唐万岁登封,696,697.0,唐,,武则天,万岁登封,http://data.library.sh.cn/authority/temporal/mwpg9mdtfrwo2zy9,1
606,唐神功,697,697.0,唐,,武则天,神功,http://data.library.sh.cn/authority/temporal/yvywgmch95712tg3,0
607,唐圣历,698,700.0,唐,,武则天,圣历,http://data.library.sh.cn/authority/temporal/qhfo69d9v6i2lpbw,2
608,渤海大祚荣,698,719.0,渤海,,大祚荣,大祚荣,http://data.library.sh.cn/authority/temporal/zar2siko9pg9ouxn,21
609,唐久视,700,701.0,唐,,武则天,久视,http://data.library.sh.cn/authority/temporal/4d9pl47dct1wbxfd,1
610,唐大足,701,702.0,唐,,武则天,大足,http://data.library.sh.cn/authority/temporal/8o8szbuwuf8111ru,1
611,唐长安,702,703.0,唐,,武则天,长安,http://data.library.sh.cn/authority/temporal/huorbkh6pihlga4c,1
612,唐神龙,704,707.0,唐,中宗,李显,神龙,http://data.library.sh.cn/authority/temporal/38zovt8kpb4ahfu3,3
613,唐景龙,707,710.0,唐,中宗,李显,景龙,http://data.library.sh.cn/authority/temporal/2b58gkfnwmvusmeh,3
614,唐景云,710,711.0,唐,睿宗,李旦,景云,http://data.library.sh.cn/authority/temporal/g4ct89v4qcg3wo8i,1
615,唐唐隆,710,710.0,唐,少帝,李重茂,唐隆,http://data.library.sh.cn/authority/temporal/f7z3xiljwyelh2dy,0
616,唐太极,712,713.0,唐,睿宗,李旦,太极,http://data.library.sh.cn/authority/temporal/ujf3xika2bfetgjs,1
617,唐延和,713,714.0,唐,睿宗,李旦,延和,http://data.library.sh.cn/authority/temporal/ry1qjc5m6idfdw91,1
618,唐先天,714,714.0,唐,玄宗,李隆基,先天,http://data.library.sh.cn/authority/temporal/5nyr6anqrz1zld77,0
619,唐开元,714,741.0,唐,玄宗,李隆基,开元,http://data.library.sh.cn/authority/temporal/4ilyrfwurk4tysv8,27
620,渤海仁安,720,737.0,渤海,,大武艺,仁安,http://data.library.sh.cn/authority/temporal/5ln4vououychnq9u,17
621,渤海大兴,738,793.0,渤海,,大钦茂,大兴,http://data.library.sh.cn/authority/temporal/baqj9ha351xi9c5f,55
622,唐天宝,742,756.0,唐,玄宗,李隆基,天宝,http://data.library.sh.cn/authority/temporal/67uzpymf29id9u3r,14
623,南诏阁逻凤,746,751.0,南诏,,NON,阁逻凤,http://data.library.sh.cn/authority/temporal/yexkmubqdqmoigrx,5
624,南诏赞普锺,752,768.0,南诏,,NON,赞普锺;阁逻凤,http://data.library.sh.cn/authority/temporal/hptc7bde439lnd44,16
625,燕圣武,756,756.0,燕,,安禄山,圣武,http://data.library.sh.cn/authority/temporal/wdf7d3glijo3gm6y,0
626,唐至德,756,758.0,唐,肃宗,李亨,至德,http://data.library.sh.cn/authority/temporal/8nm21s2dl3xd9dyf,2
627,燕载初,757,758.0,燕,,安禄山,载初,http://data.library.sh.cn/authority/temporal/fc9ejhwai5vdc6mq,1
628,燕天成,758,759.0,燕,,安禄山,天成,http://data.library.sh.cn/authority/temporal/eudsj3fli3drm369,1
629,唐乾元,758,760.0,唐,肃宗,李亨,乾元,http://data.library.sh.cn/authority/temporal/qggzgvmi8hshiedj,2
630,燕顺天,760,761.0,燕,,史思明,顺天,http://data.library.sh.cn/authority/temporal/ji7oocbc7yif4i24,1
631,唐上元,760,762.0,唐,肃宗,李亨,上元,http://data.library.sh.cn/authority/temporal/pjo78mpj4p17mxiw,2
632,燕应天,760,760.0,燕,,史思明,应天,http://data.library.sh.cn/authority/temporal/otz23cwyrccer316,0
633,黄龙,761,761.0,,,段子璋,黄龙,http://data.library.sh.cn/authority/temporal/4woticeappxni1fo,0
634,燕显圣,761,763.0,燕,,史朝义,显圣,http://data.library.sh.cn/authority/temporal/mkibn2kv9kbhyyio,2
635,宝胜,762,763.0,,,袁晁,宝胜,http://data.library.sh.cn/authority/temporal/eynb14y6bvvfywc3,1
636,唐宝应,762,763.0,唐,肃宗,李亨,宝应,http://data.library.sh.cn/authority/temporal/bihgz63ibxsty9y7,1
637,唐广德,763,765.0,唐,代宗,李豫,广德,http://data.library.sh.cn/authority/temporal/99gy9g7il5zm2liv,2
638,唐永泰,765,766.0,唐,代宗,李豫,永泰,http://data.library.sh.cn/authority/temporal/n758236dmmsyyxtz,1
639,唐大历,766,779.0,唐,代宗,李豫,大历,http://data.library.sh.cn/authority/temporal/l2nvch79sm4wn4gp,13
640,南诏长寿,769,779.0,南诏,,NON,长寿,http://data.library.sh.cn/authority/temporal/bac4v7741luhikwq,10
641,唐建中,780,783.0,唐,德宗,李适,建中,http://data.library.sh.cn/authority/temporal/tb7ax1fthukq9wkl,3
642,南诏见龙,780,783.0,南诏,,异牟寻,见龙,http://data.library.sh.cn/authority/temporal/pkq9epwjqx32i1x7,3
643,应天,783,784.0,,,朱泚,应天,http://data.library.sh.cn/authority/temporal/rq2kppnoedhq7lzg,1
644,天皇,784,784.0,,,朱泚,天皇,http://data.library.sh.cn/authority/temporal/i16htr91e9vb76pj,0
645,武成,784,786.0,,,李希烈,武成,http://data.library.sh.cn/authority/temporal/vfq16n2k394r3lf4,2
646,唐兴元,784,784.0,唐,德宗,李适,兴元,http://data.library.sh.cn/authority/temporal/pxd1bb9nsg8f6ujz,0
647,南诏上元,784,,南诏,,NON,上元,http://data.library.sh.cn/authority/temporal/4eljzv3hcnl3l1uv,0
648,唐贞元,785,805.0,唐,德宗,李适,贞元,http://data.library.sh.cn/authority/temporal/6m4xcyzoyzpm8f1i,20
649,渤海中兴,794,795.0,渤海,,大华屿,中兴,http://data.library.sh.cn/authority/temporal/x25p2wk8iki1g51g,1
650,渤海正历,795,809.0,渤海,,大嵩璘,正历,http://data.library.sh.cn/authority/temporal/x1s9wxypvo1cts9f,14
651,唐永贞,805,806.0,唐,顺宗,李诵,永贞,http://data.library.sh.cn/authority/temporal/mvgjsh7xa4p9jhrp,1
652,元封元封,806,806.0,元封,,寻阁劝,元封,http://data.library.sh.cn/authority/temporal/xfc48hw5mt38ab23,0
653,唐元和,807,821.0,唐,宪宗,李纯,元和,http://data.library.sh.cn/authority/temporal/ld8n85clxy5pj45e,14
654,元封应道,807,897.0,元封,,寻阁劝,应道,http://data.library.sh.cn/authority/temporal/1emhr9vqeib236ke,90
655,元封龙兴,808,816.0,元封,,劝龙晟,龙兴,http://data.library.sh.cn/authority/temporal/3h2zpkqfq89scxhn,8
656,渤海永德,809,812.0,渤海,,大元瑜,永德,http://data.library.sh.cn/authority/temporal/1tpvazzkrxl85xgi,3
657,渤海朱雀,812,818.0,渤海,,大言义,朱雀,http://data.library.sh.cn/authority/temporal/bclpg7fmvvchg83s,6
658,吐蕃,815,838.0,吐蕃,,可黎可足,,http://data.library.sh.cn/authority/temporal/l4wgkonx93zezisq,23
659,元封全义,817,819.0,元封,,劝利晟,全义,http://data.library.sh.cn/authority/temporal/tja18bohkzug5n2d,2
660,渤海太始,818,818.0,渤海,,大明忠,太始,http://data.library.sh.cn/authority/temporal/hotph8pnahwwtdwk,0
661,渤海建兴,819,830.0,渤海,,大仁秀,建兴,http://data.library.sh.cn/authority/temporal/38eu1qsdvp5ogrbp,11
662,元封大丰,820,823.0,元封,,劝利晟,大丰,http://data.library.sh.cn/authority/temporal/pwmsnciwo2zswmow,3
663,唐长庆,822,824.0,唐,穆宗,李恒,长庆,http://data.library.sh.cn/authority/temporal/ir7yjb15ylqwgmdx,2
664,元封保和,824,839.0,元封,,劝丰祐,保和,http://data.library.sh.cn/authority/temporal/ol6wih1uqml5pzxb,15
665,唐宝历,825,828.0,唐,敬宗,李湛,宝历,http://data.library.sh.cn/authority/temporal/717u7nlmk7sg3upe,3
666,唐太和,828,835.0,唐,文宗,李昂,太和,http://data.library.sh.cn/authority/temporal/l5y4ud74zvdl9rrs,7
667,渤海咸和,830,857.0,渤海,,大彝震,咸和,http://data.library.sh.cn/authority/temporal/wv6nj1zweff9huzu,27
668,唐开成,836,841.0,唐,文宗,李昂,开成,http://data.library.sh.cn/authority/temporal/hwd2zd79qj4tl6sl,5
669,唐会昌,842,847.0,唐,武宗,李炎,会昌,http://data.library.sh.cn/authority/temporal/c4yq3xxemqwakji4,5
670,唐大中,848,860.0,唐,宣宗,李忱,大中,http://data.library.sh.cn/authority/temporal/qzdw1l1josb5528i,12
671,天启天启,856,859.0,天启,,世隆,天启,http://data.library.sh.cn/authority/temporal/cjvnewa3qdalpr2k,3
672,渤海,857,871.0,渤海,,大虔晃,,http://data.library.sh.cn/authority/temporal/ce8bjqxuyc5j26dm,14
673,罗平,860,860.0,,,裘甫,罗平,http://data.library.sh.cn/authority/temporal/cfmys5a6yw7t16rf,0
674,唐咸通,860,875.0,唐,懿宗,李漼,咸通,http://data.library.sh.cn/authority/temporal/jiqfdmss4bjwpk2h,15
675,天启建极,860,872.0,天启,,世隆,建极,http://data.library.sh.cn/authority/temporal/gx3jkdgky33h81jq,12
676,渤海,871,893.0,渤海,,大玄锡,,http://data.library.sh.cn/authority/temporal/irv5lwf5ezb79psz,22
677,天启法尧,873,877.0,天启,,隆舜,法尧,http://data.library.sh.cn/authority/temporal/i9jjnl52ougictva,4
678,唐乾符,875,879.0,唐,僖宗,李儇,乾符,http://data.library.sh.cn/authority/temporal/qxrrgsaik1qs4jyy,4
679,齐王霸,878,880.0,齐,,黄巢,王霸,http://data.library.sh.cn/authority/temporal/ogx1jibufh37x7qv,2
680,天启贞明,878,880.0,天启,大封民,隆舜,贞明,http://data.library.sh.cn/authority/temporal/dcw87xszp9a6ah5d,2
681,齐金统,880,884.0,齐,,黄巢,金统,http://data.library.sh.cn/authority/temporal/7wkou8fwxosfafd1,4
682,唐广明,880,881.0,唐,僖宗,李儇,广明,http://data.library.sh.cn/authority/temporal/sjghfyttikumyqy3,1
683,唐中和,881,885.0,唐,僖宗,李儇,中和,http://data.library.sh.cn/authority/temporal/4wr6jlb61zezkjsv,4
684,天启承智,881,886.0,天启,大封民,隆舜,承智,http://data.library.sh.cn/authority/temporal/zescq67i85zckyjz,5
685,唐光启,885,888.0,唐,僖宗,李儇,光启,http://data.library.sh.cn/authority/temporal/wz4bw2uxd68kcqv5,3
686,建贞,886,886.0,,,李煴,建贞,http://data.library.sh.cn/authority/temporal/g7ij32r4w8plqm77,0
687,天启大同,887,890.0,天启,大封民,隆舜,大同,http://data.library.sh.cn/authority/temporal/cd9a851ozfbwsd7n,3
688,唐文德,888,888.0,唐,僖宗,李儇,文德,http://data.library.sh.cn/authority/temporal/hkd6xm7ebqnzic2f,0
689,唐龙纪,889,889.0,唐,昭宗,李晔,龙纪,http://data.library.sh.cn/authority/temporal/aexcemxi76u32762,0
690,唐大顺,890,891.0,唐,昭宗,李晔,大顺,http://data.library.sh.cn/authority/temporal/hesbbap7ag4tvfie,1
691,天启嵯耶,891,897.0,天启,大封民,隆舜,嵯耶,http://data.library.sh.cn/authority/temporal/pxpj5uik7zbd1e3a,6
692,唐景福,892,893.0,唐,昭宗,李晔,景福,http://data.library.sh.cn/authority/temporal/a9deicuov12dvuui,1
693,渤海,894,906.0,渤海,,大玮瑎,,http://data.library.sh.cn/authority/temporal/8iqnqmwdy16fka6z,12
694,唐乾宁,894,898.0,唐,昭宗,李晔,乾宁,http://data.library.sh.cn/authority/temporal/ankpxue4u2cvjwv6,4
695,顺天,895,896.0,,,董昌,顺天,http://data.library.sh.cn/authority/temporal/8n33ybpj8pgoufpc,1
696,唐光化,898,901.0,唐,昭宗,李晔,光化,http://data.library.sh.cn/authority/temporal/gv5rzozq454y6s6q,3
697,天启中兴,898,902.0,天启,,舜化贞,中兴,http://data.library.sh.cn/authority/temporal/7gkvt5quno738ocg,4
698,唐天复,901,904.0,唐,昭宗,李晔,天复,http://data.library.sh.cn/authority/temporal/wi6cjfwvjp3y5s83,3
699,吴天复,902,903.0,吴,,杨行密,天复,http://data.library.sh.cn/authority/temporal/kam1vg3wl8lryeqy,1
700,天启安国,903,907.0,天启,大长和,郑买嗣,安国,http://data.library.sh.cn/authority/temporal/f9knvmtlk6ijxi7d,4
701,吴天祐,904,905.0,吴,,杨行密,天祐,http://data.library.sh.cn/authority/temporal/hqgmpd4j3it27qty,1
702,唐天祐,904,907.0,唐,袁帝,李祝,天祐,http://data.library.sh.cn/authority/temporal/slxysx34uqmlt3ae,3
703,吴天祐,905,907.0,吴,,杨渥,天祐,http://data.library.sh.cn/authority/temporal/9re19pl2w2hiwg7s,2
704,渤海,907,,渤海,,大諲譔,,http://data.library.sh.cn/authority/temporal/kuvnpho9wvo4azic,0
705,五代,907,960.0,五代,,,,http://data.library.sh.cn/authority/temporal/mcwzpg3bobv41ks9,53
706,契丹,907,916.0,契丹,辽太祖,耶律阿保机,,http://data.library.sh.cn/authority/temporal/leddtfupfigfl271,9
707,吴天祐,907,919.0,吴,,杨渥,天祐,http://data.library.sh.cn/authority/temporal/3nm1usbwxwlw59h1,12
708,闽开平,907,910.0,闽,,王审知,开平,http://data.library.sh.cn/authority/temporal/xow4kjhuhwtwm9h7,3
709,吴越天祐,907,907.0,吴越,,钱镠,天祐,http://data.library.sh.cn/authority/temporal/i2jly75ek5qrskd6,0
710,南诏安国,907,909.0,南诏,大长和,郑买嗣,安国,http://data.library.sh.cn/authority/temporal/dfj2wfngat1odxos,2
711,后梁开平,907,911.0,后梁,太祖,朱温,开平,http://data.library.sh.cn/authority/temporal/k8nfaozm6zlqjwl6,4
712,前蜀天复,907,907.0,前蜀,,王建,天复,http://data.library.sh.cn/authority/temporal/llp6bmh7og9cau3t,0
713,渤海大諲譔,907,925.0,渤海,,NON,大諲譔,http://data.library.sh.cn/authority/temporal/4nmtxmmzucbabvy6,18
714,吴越天宝,908,912.0,吴越,,钱镠,天宝,http://data.library.sh.cn/authority/temporal/vgol66ebyi9cpyps,4
715,前蜀武成,908,910.0,前蜀,,王建,武成,http://data.library.sh.cn/authority/temporal/btddluhogq1dfu1r,2
716,南诏始元,910,912.0,南诏,,郑仁旻,始元,http://data.library.sh.cn/authority/temporal/qsahxrs56h4iwmfk,2
717,燕应天,911,913.0,燕,,刘守光,应天,http://data.library.sh.cn/authority/temporal/xvqhmha7dcta4q12,2
718,闽乾化,911,912.0,闽,,王审知,乾化,http://data.library.sh.cn/authority/temporal/9faq4n3lg6q5w2zr,1
719,后梁乾化,911,912.0,后梁,太祖,朱温,乾化,http://data.library.sh.cn/authority/temporal/f3pxoagzq4rub8np,1
720,前蜀永平,911,915.0,前蜀,,王建,永平,http://data.library.sh.cn/authority/temporal/zkrgejk2v7xxvy9w,4
721,于阗同庆,912,940.0,于阗,,李圣天,同庆,http://data.library.sh.cn/authority/temporal/5i64xuk4xldt5w8m,28
722,闽凤历,913,914.0,闽,,王审知,凤历,http://data.library.sh.cn/authority/temporal/rotzvbso4tlzyk8a,1
723,后梁凤历,913,914.0,后梁,,朱友珪,凤历,http://data.library.sh.cn/authority/temporal/wyf65nzjiaqopsjk,1
724,吴越凤历,913,913.0,吴越,,钱镠,凤历,http://data.library.sh.cn/authority/temporal/rjgha3lp1bianyuw,0
725,南诏天瑞景星？,913,915.0,南诏,,郑仁旻,天瑞景星？,http://data.library.sh.cn/authority/temporal/av67kbintddp99ur,2
726,闽乾化,914,915.0,闽,,王审知,乾化,http://data.library.sh.cn/authority/temporal/vpevn7dljt8gkz4r,1
727,后梁乾化,914,915.0,后梁,末帝,朱友贞,乾化,http://data.library.sh.cn/authority/temporal/ve1mkvjps9t5ruvl,1
728,吴越乾化,914,915.0,吴越,,钱镠,乾化,http://data.library.sh.cn/authority/temporal/xukf7owo57ovwpgf,1
729,闽贞明,915,921.0,闽,,王审知,贞明,http://data.library.sh.cn/authority/temporal/repcgzzqfe3flwq8,6
730,吴越贞明,915,920.0,吴越,,钱镠,贞明,http://data.library.sh.cn/authority/temporal/sj6ch7t9b9hihjbx,5
731,后梁贞明,915,921.0,后梁,末帝,朱友贞,贞明,http://data.library.sh.cn/authority/temporal/zupo46abl49sqwy1,6
732,契丹神册,916,922.0,契丹,辽太祖,耶律阿保机,神册,http://data.library.sh.cn/authority/temporal/q21x6eymfftab6xi,6
733,前蜀通正,916,916.0,前蜀,,王建,通正,http://data.library.sh.cn/authority/temporal/thhs5y6zd9g7jayh,0
734,南汉乾亨,916,925.0,南汉,,刘䶮,乾亨,http://data.library.sh.cn/authority/temporal/lw1va36mdxl4td7z,9
735,南诏安和？,916,920.0,南诏,,郑仁旻,安和？,http://data.library.sh.cn/authority/temporal/9r1ux5hmbolx5sen,4
736,前蜀天汉,917,917.0,前蜀,,王建,天汉,http://data.library.sh.cn/authority/temporal/a2g8ete1xhqvely2,0
737,前蜀光天,918,919.0,前蜀,,王建,光天,http://data.library.sh.cn/authority/temporal/jfbumex3d5g8lmz4,1
738,吴武义,919,921.0,吴,,杨隆演,武义,http://data.library.sh.cn/authority/temporal/7us1ctdwnbb78yz3,2
739,前蜀乾德,920,925.0,前蜀,,王衍,乾德,http://data.library.sh.cn/authority/temporal/m7dspafau26tdr3c,5
740,闽龙德,921,923.0,闽,,王审知,龙德,http://data.library.sh.cn/authority/temporal/zmwc1jj9hhds6rz3,2
741,吴顺义,921,927.0,吴,,杨溥,顺义,http://data.library.sh.cn/authority/temporal/gwpz2r3g2kptdnyr,6
742,荆南顺义,921,925.0,南平;荆南,,高季兴,顺义,http://data.library.sh.cn/authority/temporal/a9ki3nxibd4uo16f,4
743,吴越龙德,921,923.0,吴越,,钱镠,龙德,http://data.library.sh.cn/authority/temporal/5c5i3a6lul9veor7,2
744,后梁龙德,921,923.0,后梁,末帝,朱友贞,龙德,http://data.library.sh.cn/authority/temporal/lq7qiovvkxjjo4bc,2
745,南诏贞祐？,921,921.0,南诏,,郑仁旻,贞祐？,http://data.library.sh.cn/authority/temporal/4dqzjs52i7mqa2ir,0
746,契丹天赞,922,926.0,契丹,辽太祖,耶律阿保机,天赞,http://data.library.sh.cn/authority/temporal/ymkokymybmde9e6t,4
747,南诏初历？,922,925.0,南诏,,郑仁旻,初历？,http://data.library.sh.cn/authority/temporal/ruotglyiwg9wqzt9,3
748,闽同光,924,925.0,闽,,王审知,同光,http://data.library.sh.cn/authority/temporal/3fmymjisnzr6x3kn,1
749,吴越宝大,924,925.0,吴越,,钱镠,宝大,http://data.library.sh.cn/authority/temporal/tukm11dvhdet8lrs,1
750,后唐同光,924,926.0,后唐,庄宗,李存勗,同光,http://data.library.sh.cn/authority/temporal/kc511ful8w2f7sgk,2
751,南汉白龙,925,928.0,南汉,,刘䶮,白龙,http://data.library.sh.cn/authority/temporal/ohmxxbhrnnptnd87,3
752,前蜀咸康,925,,前蜀,,王衍,咸康,http://data.library.sh.cn/authority/temporal/n3bv41hw1hoihwy8,0
753,南诏,926,926.0,南诏,,郑仁旻,,http://data.library.sh.cn/authority/temporal/2qfjzr26n4jm7csv,0
754,闽天成,926,930.0,闽,,王延翰,天成,http://data.library.sh.cn/authority/temporal/e5x7bbsfjyuvnbwh,4
755,契丹天显,926,938.0,契丹,辽太祖,耶律阿保机,天显,http://data.library.sh.cn/authority/temporal/muumc1pvudg9uchg,12
756,吴越宝正,926,932.0,吴越,,钱镠,宝正,http://data.library.sh.cn/authority/temporal/w1xf56zalz3rshee,6
757,东丹甘露,926,936.0,东丹,,耶律倍,甘露,http://data.library.sh.cn/authority/temporal/fl2nlo88zqwfgg9h,10
758,后唐天成,926,930.0,后唐,明宗,李嗣源,天成,http://data.library.sh.cn/authority/temporal/17rh11efb2ayla1y,4
759,荆南天成,926,930.0,南平;荆南,,高季兴,天成,http://data.library.sh.cn/authority/temporal/cen2517zxfwbc1ub,4
760,楚天成,927,930.0,楚,,马殷,天成,http://data.library.sh.cn/authority/temporal/xl9983qha7m1cbc1,3
761,吴乾贞,927,929.0,吴,,杨溥,乾贞,http://data.library.sh.cn/authority/temporal/szs1q37ply1zsodm,2
762,南诏天应,927,927.0,南诏,,郑隆亶,天应,http://data.library.sh.cn/authority/temporal/73zu8nlqmgd8tbzk,0
763,南汉大有,928,942.0,南汉,,刘䶮,大有,http://data.library.sh.cn/authority/temporal/lwjij4fpyniogaw5,14
764,荆南乾贞,928,929.0,南平;荆南,,高季兴,乾贞,http://data.library.sh.cn/authority/temporal/3bgn34o6mf6he3nd,1
765,南诏尊圣,928,929.0,南诏,大天兴,赵善政,尊圣,http://data.library.sh.cn/authority/temporal/u6cro85htcfxaswu,1
766,吴太和,929,935.0,吴,,杨溥,太和,http://data.library.sh.cn/authority/temporal/82nsyyajz3d9xpxd,6
767,闽长兴,930,932.0,闽,,王延翰,长兴,http://data.library.sh.cn/authority/temporal/g7b8ns3a7yyr88op,2
768,楚长兴,930,933.0,楚,,马希声,长兴,http://data.library.sh.cn/authority/temporal/utvufasles55n6wt,3
769,后唐长兴,930,933.0,后唐,明宗,李嗣源,长兴,http://data.library.sh.cn/authority/temporal/3uwlf22znq8558rl,3
770,南诏兴圣,930,930.0,南诏,大义宁,杨干真,兴圣,http://data.library.sh.cn/authority/temporal/vuu9dcpjygbuvpgm,0
771,荆南长兴,930,933.0,南平;荆南,,高从诲,长兴,http://data.library.sh.cn/authority/temporal/8zi8npfazemfsj5d,3
772,荆南大和,930,930.0,南平;荆南,,高从诲,大和,http://data.library.sh.cn/authority/temporal/inkwf7t6sdf89yqb,0
773,南诏大明,931,937.0,南诏,大义宁,杨干真,大明,http://data.library.sh.cn/authority/temporal/2td4ep1bzi51a1ss,6
774,吴越长兴,932,933.0,吴越,,钱元瓘,长兴,http://data.library.sh.cn/authority/temporal/kjrc3dps8fflggav,1
775,闽龙启,933,935.0,闽,,王延翰,龙启,http://data.library.sh.cn/authority/temporal/49pn8tob8cgnkayp,2
776,楚应顺,934,934.0,楚,,马希範,应顺,http://data.library.sh.cn/authority/temporal/xyt4wmmrxqr1ki8f,0
777,荆南应顺,934,934.0,南平;荆南,,高从诲,应顺,http://data.library.sh.cn/authority/temporal/3kpww5ak5e4pvtet,0
778,后蜀明德,934,937.0,后蜀,,孟知祥,明德,http://data.library.sh.cn/authority/temporal/d2bplhupyfqiieya,3
779,吴越应顺,934,934.0,吴越,,钱元瓘,应顺,http://data.library.sh.cn/authority/temporal/g3ooussxjqpswsgi,0
780,后唐应顺,934,935.0,后唐,闵帝,李从厚,应顺,http://data.library.sh.cn/authority/temporal/mjexwsvqq7kfcti9,1
781,吴天祚,935,937.0,吴,,杨溥,天祚,http://data.library.sh.cn/authority/temporal/s53sk1dr7bzl8d2i,2
782,闽永和,935,936.0,闽,,王昶,永和,http://data.library.sh.cn/authority/temporal/ib3fx8q7ux4zc6o7,1
783,楚清泰,935,936.0,楚,,马希範,清泰,http://data.library.sh.cn/authority/temporal/h27yb4gy5orxslx2,1
784,后唐清泰,935,936.0,后唐,末帝,李从珂,清泰,http://data.library.sh.cn/authority/temporal/7nx1agvmifneyc4c,1
785,吴越清泰,935,936.0,吴越,,钱元瓘,清泰,http://data.library.sh.cn/authority/temporal/8h7tii72r9xfdq75,1
786,荆南清泰,935,936.0,南平;荆南,,高从诲,清泰,http://data.library.sh.cn/authority/temporal/3awalk87r23zi4js,1
787,闽通文,936,939.0,闽,,王昶,通文,http://data.library.sh.cn/authority/temporal/5cjwnpnuesjxs6sb,3
788,楚天福,937,943.0,楚,,马希範,天福,http://data.library.sh.cn/authority/temporal/nrs93gczomxy2y62,6
789,吴越天福,937,943.0,吴越,,钱元瓘,天福,http://data.library.sh.cn/authority/temporal/w4dho87rvi6ijixm,6
790,荆南天福,937,943.0,南平;荆南,,高从诲,天福,http://data.library.sh.cn/authority/temporal/blx2icc6q27q9xv7,6
791,后晋天福,937,944.0,后晋,高祖,石敬瑭,天福,http://data.library.sh.cn/authority/temporal/4t699kyebyl4m2ng,7
792,后蜀广政,938,960.0,后蜀,,孟昶,广政,http://data.library.sh.cn/authority/temporal/waqhiu9mqpa6m6bn,22
793,南唐昇元,938,943.0,南唐,,李昪,昇元,http://data.library.sh.cn/authority/temporal/fjp765ilof993p5u,5
794,契丹会同,938,947.0,契丹,辽太宗,耶律德光,会同,http://data.library.sh.cn/authority/temporal/oc6sddz24988szze,9
795,闽永隆,939,943.0,闽,,王曦,永隆,http://data.library.sh.cn/authority/temporal/ixtrvhi2ixidbz6f,4
796,大理文德,939,940.0,大理,,段思平,文德,http://data.library.sh.cn/authority/temporal/ns5txx8funmiz5mi,1
797,大理神武,941,944.0,大理,,段思平,神武,http://data.library.sh.cn/authority/temporal/6axcltjv28wrzaud,3
798,南汉光天,942,943.0,南汉,,刘玢,光天,http://data.library.sh.cn/authority/temporal/x5kts2zw5j1eray3,1
799,闽天德,943,945.0,闽,,王延政,天德,http://data.library.sh.cn/authority/temporal/ka443b6aba5fnj78,2
800,于阗永乐,943,943.0,于阗,,张遇贤,永乐,http://data.library.sh.cn/authority/temporal/llkgrhqgsoniuuj1,0
801,南唐保大,943,957.0,南唐,,李璟,保大,http://data.library.sh.cn/authority/temporal/5bmdfae1psxfbjzm,14
802,南汉应乾,943,944.0,南汉,,刘晟,应乾,http://data.library.sh.cn/authority/temporal/rvievxlzr59s97qx,1
803,楚开运,944,946.0,楚,,马希範,开运,http://data.library.sh.cn/authority/temporal/7t54r1ab44scdh5q,2
804,南汉乾和,944,958.0,南汉,,刘晟,乾和,http://data.library.sh.cn/authority/temporal/vd8r8ucla93jeg7f,14
805,荆南开运,944,946.0,南平;荆南,,高从诲,开运,http://data.library.sh.cn/authority/temporal/j2s5blbhic4wslii,2
806,后晋开运,944,946.0,后晋,高祖,石敬瑭,开运,http://data.library.sh.cn/authority/temporal/qyrb2e85rdvs6vg7,2
807,吴越开运,944,947.0,吴越,,钱宏佐,开运,http://data.library.sh.cn/authority/temporal/8zj2m14j9yi4erjp,3
808,大理文经,945,945.0,大理,,段思英,文经,http://data.library.sh.cn/authority/temporal/5iwkunwyu6794sk9,0
809,大理至治,946,951.0,大理,,段思良,至治,http://data.library.sh.cn/authority/temporal/gpbu6cn8muyjx4aj,5
810,楚天福,947,947.0,楚,,马希範,天福,http://data.library.sh.cn/authority/temporal/e647hppyovtxy3tj,0
811,契丹大同,947,949.0,契丹,辽太宗,耶律德光,大同,http://data.library.sh.cn/authority/temporal/fi8k9hbjo8p6oihc,2
812,吴越天福,947,947.0,吴越,,钱宏倧,天福,http://data.library.sh.cn/authority/temporal/cd2z96vvtpb213hq,0
813,荆南天福,947,947.0,南平;荆南,,高从诲,天福,http://data.library.sh.cn/authority/temporal/xdhtmo9ur88khdz9,0
814,楚乾祐,948,950.0,楚,,马希广,乾祐,http://data.library.sh.cn/authority/temporal/lreeuibbe69oa49k,2
815,荆南乾祐,948,948.0,南平;荆南,,高保融,乾祐,http://data.library.sh.cn/authority/temporal/gu17j6je3677vs2d,0
816,荆南乾祐,948,950.0,南平;荆南,,高保融,乾祐,http://data.library.sh.cn/authority/temporal/a6dsbcdz44e1azpi,2
817,后汉天福,948,949.0,后汉,高祖,刘知远,天福,http://data.library.sh.cn/authority/temporal/nxnh8j9pemj62a3z,1
818,吴越乾祐,948,950.0,吴越,,钱宏俶,乾祐,http://data.library.sh.cn/authority/temporal/obmes4so5z4tvebm,2
819,契丹天禄,949,951.0,契丹,辽世宗,耶律阮,天禄,http://data.library.sh.cn/authority/temporal/rdsqqdspdnn9p1d5,2
820,后汉乾祐,949,950.0,后汉,隐帝,刘承祐,乾祐,http://data.library.sh.cn/authority/temporal/gcoe26lbxdezyded,1
821,楚保大,950,951.0,楚,,马希萼,保大,http://data.library.sh.cn/authority/temporal/e8bhoinfb3lvgghb,1
822,吴越广顺,951,953.0,吴越,,钱宏俶,广顺,http://data.library.sh.cn/authority/temporal/vr1jh59kxd94fapc,2
823,北汉乾祐,951,956.0,北汉,,刘旻,乾祐,http://data.library.sh.cn/authority/temporal/4vf4hm3gzpdr2z61,5
824,荆南广顺,951,953.0,南平;荆南,,高保融,广顺,http://data.library.sh.cn/authority/temporal/5rap83x1wlo4dzuy,2
825,契丹应历,951,960.0,契丹,辽穆宗,耶律璟,应历,http://data.library.sh.cn/authority/temporal/f1c4la2w85x8to8b,9
826,大理明德,952,955.0,大理,,段思聪,明德,http://data.library.sh.cn/authority/temporal/zxaovsmydhp6htsy,3
827,后周广顺,952,954.0,后周,太祖,郭威,广顺,http://data.library.sh.cn/authority/temporal/o9wvpzsrb3zxju5h,2
828,荆南显德,954,960.0,南平;荆南,,高保融,显德,http://data.library.sh.cn/authority/temporal/ab8fyb91qq79z5rb,6
829,吴越显德,954,960.0,吴越,,钱宏俶,显德,http://data.library.sh.cn/authority/temporal/1l97hf3ydbu6gm7s,6
830,后周显德,955,960.0,后周,显德,柴荣,显德,http://data.library.sh.cn/authority/temporal/hb2ktreo6ts165c9,5
831,大理广德,956,,大理,,段思聪,广德,http://data.library.sh.cn/authority/temporal/8uv1kezwk7i1n6kq,0
832,北汉天会,957,960.0,北汉,,刘旻,天会,http://data.library.sh.cn/authority/temporal/mgcss55cy4tmic48,3
833,南汉大宝,958,960.0,南汉,,刘鋹,大宝,http://data.library.sh.cn/authority/temporal/vcm1eok3kotfyn5l,2
834,南唐中兴,958,959.0,南唐,,李璟,中兴,http://data.library.sh.cn/authority/temporal/w418fr5g7idf718w,1
835,南唐交泰,959,960.0,南唐,,李璟,交泰,http://data.library.sh.cn/authority/temporal/we23b1usig7r1eic,1
836,南唐显德,960,960.0,南唐,,李璟,显德,http://data.library.sh.cn/authority/temporal/n28kep6i1bj7sx7o,0
837,北宋,960,1126.0,北宋,,,,http://data.library.sh.cn/authority/temporal/1muluhi3chuyhtw1,166
838,北宋建隆,960,963.0,北宋,太祖,赵匡胤,建隆,http://data.library.sh.cn/authority/temporal/nad46qs18jnswzuk,3
839,北宋乾德,963,968.0,北宋,太祖,赵匡胤,乾德,http://data.library.sh.cn/authority/temporal/18y8cnoqcija9xmr,5
840,北宋开宝,968,976.0,北宋,太祖,赵匡胤,开宝,http://data.library.sh.cn/authority/temporal/6ocg6fbfsxihzu7x,8
841,北宋太平兴国,976,984.0,北宋,太宗,赵光义,太平兴国,http://data.library.sh.cn/authority/temporal/bg5duyo5bpt58l56,8
842,北宋雍熙,984,987.0,北宋,太宗,赵光义,雍熙,http://data.library.sh.cn/authority/temporal/jfcr2z62ko1bibn8,3
843,北宋端拱,988,989.0,北宋,太宗,赵光义,端拱,http://data.library.sh.cn/authority/temporal/ex4i4yrqrtzbg6tb,1
844,北宋淳化,990,994.0,北宋,太宗,赵光义,淳化,http://data.library.sh.cn/authority/temporal/qpmhij3roh1g3983,4
845,北宋至道,995,997.0,北宋,太宗,赵光义,至道,http://data.library.sh.cn/authority/temporal/qy4mweypov2mklb8,2
846,北宋咸平,998,1003.0,北宋,真宗,赵恒,咸平,http://data.library.sh.cn/authority/temporal/9uvdqjvlwdeiwnsy,5
847,北宋景德,1004,1007.0,北宋,真宗,赵恒,景德,http://data.library.sh.cn/authority/temporal/wqawfcebtx7v3d2s,3
848,北宋大中祥符,1008,1016.0,北宋,真宗,赵恒,大中祥符,http://data.library.sh.cn/authority/temporal/8ykoevimhh4ak1j9,8
849,北宋天禧,1017,1021.0,北宋,真宗,赵恒,天禧,http://data.library.sh.cn/authority/temporal/g9l5pz69yenhsow5,4
850,北宋乾兴,1022,1022.0,北宋,仁宗,赵祯,乾兴,http://data.library.sh.cn/authority/temporal/7ry8isqvlx32g28q,0
851,北宋天圣,1023,1032.0,北宋,仁宗,赵祯,天圣,http://data.library.sh.cn/authority/temporal/epzq8go3nshsmcf2,9
852,北宋明道,1032,1033.0,北宋,仁宗,赵祯,明道,http://data.library.sh.cn/authority/temporal/sprplr19jpps2orz,1
853,北宋景祐,1034,1038.0,北宋,仁宗,赵祯,景祐,http://data.library.sh.cn/authority/temporal/knekefpbca9oybwb,4
854,北宋宝元,1038,1040.0,北宋,仁宗,赵祯,宝元,http://data.library.sh.cn/authority/temporal/motnuttnrpkt33n4,2
855,北宋康定,1040,1041.0,北宋,仁宗,赵祯,康定,http://data.library.sh.cn/authority/temporal/xvtj9n9pcmwqmk5v,1
856,北宋庆历,1041,1048.0,北宋,仁宗,赵祯,庆历,http://data.library.sh.cn/authority/temporal/yyofi9yvehoek9l8,7
857,北宋皇祐,1049,1054.0,北宋,仁宗,赵祯,皇祐,http://data.library.sh.cn/authority/temporal/n6qam6k6gw62ta4k,5
858,北宋至和,1054,1056.0,北宋,仁宗,赵祯,至和,http://data.library.sh.cn/authority/temporal/8jqql6jvcnvpw959,2
859,北宋嘉祐,1056,1063.0,北宋,仁宗,赵祯,嘉祐,http://data.library.sh.cn/authority/temporal/ds43fqsq79g7ftul,7
860,北宋治平,1064,1067.0,北宋,英宗,赵曙,治平,http://data.library.sh.cn/authority/temporal/g4kagdpcjzjij2r7,3
861,北宋熙宁,1068,1077.0,北宋,神宗,赵顼,熙宁,http://data.library.sh.cn/authority/temporal/flyv8bnbfa41f2xc,9
862,北宋元丰,1078,1085.0,北宋,神宗,赵顼,元丰,http://data.library.sh.cn/authority/temporal/jmmt1ltzkyt3ov1t,7
863,北宋元祐,1086,1094.0,北宋,哲宗,赵煦,元祐,http://data.library.sh.cn/authority/temporal/bmzeqxrxaczowgza,8
864,北宋绍圣,1094,1098.0,北宋,哲宗,赵煦,绍圣,http://data.library.sh.cn/authority/temporal/1wgwlq4jsm9x1w8h,4
865,北宋元符,1098,1100.0,北宋,哲宗,赵煦,元符,http://data.library.sh.cn/authority/temporal/hod7r63yx6chbwu5,2
866,北宋建中靖国,1101,1101.0,北宋,徽宗,赵佶,建中靖国,http://data.library.sh.cn/authority/temporal/ddao7whehoamgz3z,0
867,北宋崇宁,1102,1106.0,北宋,徽宗,赵佶,崇宁,http://data.library.sh.cn/authority/temporal/kj28afx16fha2dng,4
868,北宋大观,1107,1110.0,北宋,徽宗,赵佶,大观,http://data.library.sh.cn/authority/temporal/hxqzykxzrrftza1j,3
869,北宋政和,1111,1118.0,北宋,徽宗,赵佶,政和,http://data.library.sh.cn/authority/temporal/hbadbwgqnxwsdvgz,7
870,北宋重和,1118,1119.0,北宋,徽宗,赵佶,重和,http://data.library.sh.cn/authority/temporal/mm35rmqvpgm8wakq,1
871,北宋宣和,1119,1125.0,北宋,徽宗,赵佶,宣和,http://data.library.sh.cn/authority/temporal/cpubltjtbut7jo12,6
872,北宋靖康,1126,1127.0,北宋,钦宗,赵桓,靖康,http://data.library.sh.cn/authority/temporal/piztdfwghynmfje5,1
873,宋,960,1297.0,宋,,,,http://data.library.sh.cn/authority/temporal/pizh5ypd5d17u795,337
874,北宋,960,1126.0,北宋,,,,http://data.library.sh.cn/authority/temporal/1muluhi3chuyhtw1,166
875,北宋建隆,960,963.0,北宋,太祖,赵匡胤,建隆,http://data.library.sh.cn/authority/temporal/nad46qs18jnswzuk,3
876,北宋乾德,963,968.0,北宋,太祖,赵匡胤,乾德,http://data.library.sh.cn/authority/temporal/18y8cnoqcija9xmr,5
877,北宋开宝,968,976.0,北宋,太祖,赵匡胤,开宝,http://data.library.sh.cn/authority/temporal/6ocg6fbfsxihzu7x,8
878,北宋太平兴国,976,984.0,北宋,太宗,赵光义,太平兴国,http://data.library.sh.cn/authority/temporal/bg5duyo5bpt58l56,8
879,北宋雍熙,984,987.0,北宋,太宗,赵光义,雍熙,http://data.library.sh.cn/authority/temporal/jfcr2z62ko1bibn8,3
880,北宋端拱,988,989.0,北宋,太宗,赵光义,端拱,http://data.library.sh.cn/authority/temporal/ex4i4yrqrtzbg6tb,1
881,北宋淳化,990,994.0,北宋,太宗,赵光义,淳化,http://data.library.sh.cn/authority/temporal/qpmhij3roh1g3983,4
882,北宋至道,995,997.0,北宋,太宗,赵光义,至道,http://data.library.sh.cn/authority/temporal/qy4mweypov2mklb8,2
883,北宋咸平,998,1003.0,北宋,真宗,赵恒,咸平,http://data.library.sh.cn/authority/temporal/9uvdqjvlwdeiwnsy,5
884,北宋景德,1004,1007.0,北宋,真宗,赵恒,景德,http://data.library.sh.cn/authority/temporal/wqawfcebtx7v3d2s,3
885,北宋大中祥符,1008,1016.0,北宋,真宗,赵恒,大中祥符,http://data.library.sh.cn/authority/temporal/8ykoevimhh4ak1j9,8
886,北宋天禧,1017,1021.0,北宋,真宗,赵恒,天禧,http://data.library.sh.cn/authority/temporal/g9l5pz69yenhsow5,4
887,北宋乾兴,1022,1022.0,北宋,仁宗,赵祯,乾兴,http://data.library.sh.cn/authority/temporal/7ry8isqvlx32g28q,0
888,北宋天圣,1023,1032.0,北宋,仁宗,赵祯,天圣,http://data.library.sh.cn/authority/temporal/epzq8go3nshsmcf2,9
889,北宋明道,1032,1033.0,北宋,仁宗,赵祯,明道,http://data.library.sh.cn/authority/temporal/sprplr19jpps2orz,1
890,北宋景祐,1034,1038.0,北宋,仁宗,赵祯,景祐,http://data.library.sh.cn/authority/temporal/knekefpbca9oybwb,4
891,北宋宝元,1038,1040.0,北宋,仁宗,赵祯,宝元,http://data.library.sh.cn/authority/temporal/motnuttnrpkt33n4,2
892,北宋康定,1040,1041.0,北宋,仁宗,赵祯,康定,http://data.library.sh.cn/authority/temporal/xvtj9n9pcmwqmk5v,1
893,北宋庆历,1041,1048.0,北宋,仁宗,赵祯,庆历,http://data.library.sh.cn/authority/temporal/yyofi9yvehoek9l8,7
894,北宋皇祐,1049,1054.0,北宋,仁宗,赵祯,皇祐,http://data.library.sh.cn/authority/temporal/n6qam6k6gw62ta4k,5
895,北宋至和,1054,1056.0,北宋,仁宗,赵祯,至和,http://data.library.sh.cn/authority/temporal/8jqql6jvcnvpw959,2
896,北宋嘉祐,1056,1063.0,北宋,仁宗,赵祯,嘉祐,http://data.library.sh.cn/authority/temporal/ds43fqsq79g7ftul,7
897,北宋治平,1064,1067.0,北宋,英宗,赵曙,治平,http://data.library.sh.cn/authority/temporal/g4kagdpcjzjij2r7,3
898,北宋熙宁,1068,1077.0,北宋,神宗,赵顼,熙宁,http://data.library.sh.cn/authority/temporal/flyv8bnbfa41f2xc,9
899,北宋元丰,1078,1085.0,北宋,神宗,赵顼,元丰,http://data.library.sh.cn/authority/temporal/jmmt1ltzkyt3ov1t,7
900,北宋元祐,1086,1094.0,北宋,哲宗,赵煦,元祐,http://data.library.sh.cn/authority/temporal/bmzeqxrxaczowgza,8
901,北宋绍圣,1094,1098.0,北宋,哲宗,赵煦,绍圣,http://data.library.sh.cn/authority/temporal/1wgwlq4jsm9x1w8h,4
902,北宋元符,1098,1100.0,北宋,哲宗,赵煦,元符,http://data.library.sh.cn/authority/temporal/hod7r63yx6chbwu5,2
903,北宋建中靖国,1101,1101.0,北宋,徽宗,赵佶,建中靖国,http://data.library.sh.cn/authority/temporal/ddao7whehoamgz3z,0
904,北宋崇宁,1102,1106.0,北宋,徽宗,赵佶,崇宁,http://data.library.sh.cn/authority/temporal/kj28afx16fha2dng,4
905,北宋大观,1107,1110.0,北宋,徽宗,赵佶,大观,http://data.library.sh.cn/authority/temporal/hxqzykxzrrftza1j,3
906,北宋政和,1111,1118.0,北宋,徽宗,赵佶,政和,http://data.library.sh.cn/authority/temporal/hbadbwgqnxwsdvgz,7
907,北宋重和,1118,1119.0,北宋,徽宗,赵佶,重和,http://data.library.sh.cn/authority/temporal/mm35rmqvpgm8wakq,1
908,北宋宣和,1119,1125.0,北宋,徽宗,赵佶,宣和,http://data.library.sh.cn/authority/temporal/cpubltjtbut7jo12,6
909,北宋靖康,1126,1127.0,北宋,钦宗,赵桓,靖康,http://data.library.sh.cn/authority/temporal/piztdfwghynmfje5,1
910,南宋,1127,1279.0,南宋,,,,http://data.library.sh.cn/authority/temporal/q1a7p1g2ke7vrfmi,152
911,南宋建炎,1127,1130.0,南宋,高宗,赵构,建炎,http://data.library.sh.cn/authority/temporal/c1utj8cnb7r2r471,3
912,南宋绍兴,1131,1162.0,南宋,高宗,赵构,绍兴,http://data.library.sh.cn/authority/temporal/xqhuj1xtntnzkobw,31
913,南宋隆兴,1163,1164.0,南宋,孝宗,赵眘,隆兴,http://data.library.sh.cn/authority/temporal/4eweu6acc1hannl1,1
914,南宋乾道,1165,1173.0,南宋,孝宗,赵眘,乾道,http://data.library.sh.cn/authority/temporal/drxafuw7q5rjt4h9,8
915,南宋淳熙,1174,1189.0,南宋,孝宗,赵眘,淳熙,http://data.library.sh.cn/authority/temporal/8idikrl33m8wjj5a,15
916,南宋绍熙,1190,1194.0,南宋,光宗,赵惇,绍熙,http://data.library.sh.cn/authority/temporal/vkjzmf3ibzillame,4
917,南宋庆元,1195,1200.0,南宋,宁宗,赵扩,庆元,http://data.library.sh.cn/authority/temporal/vk422w48p7jnnv9m,5
918,南宋嘉泰,1201,1204.0,南宋,宁宗,赵扩,嘉泰,http://data.library.sh.cn/authority/temporal/dpxwlzpqvrrgknwq,3
919,南宋开禧,1205,1207.0,南宋,宁宗,赵扩,开禧,http://data.library.sh.cn/authority/temporal/jfbpr9mldw3bsejz,2
920,南宋嘉定,1208,1224.0,南宋,宁宗,赵扩,嘉定,http://data.library.sh.cn/authority/temporal/4rqcgk86d9kosozm,16
921,南宋宝庆,1225,1227.0,南宋,理宗,赵昀,宝庆,http://data.library.sh.cn/authority/temporal/hxja9vuy8xlci942,2
922,南宋绍定,1228,1233.0,南宋,理宗,赵昀,绍定,http://data.library.sh.cn/authority/temporal/elidknupog4fgxpx,5
923,南宋端平,1234,1236.0,南宋,理宗,赵昀,端平,http://data.library.sh.cn/authority/temporal/1q2zspkbu6rghgwy,2
924,南宋嘉熙,1237,1240.0,南宋,理宗,赵昀,嘉熙,http://data.library.sh.cn/authority/temporal/gm3qslcoxoxun941,3
925,南宋淳祐,1241,1252.0,南宋,理宗,赵昀,淳祐,http://data.library.sh.cn/authority/temporal/brifkmq2nrzc5dkc,11
926,南宋宝祐,1253,1258.0,南宋,理宗,赵昀,宝祐,http://data.library.sh.cn/authority/temporal/wxx81yllfhuybldg,5
927,南宋开庆,1259,1259.0,南宋,理宗,赵昀,开庆,http://data.library.sh.cn/authority/temporal/lda4qw45yme2xzmj,0
928,南宋景定,1260,1264.0,南宋,理宗,赵昀,景定,http://data.library.sh.cn/authority/temporal/rtj3nzspzvjl3ifi,4
929,南宋咸淳,1265,1274.0,南宋,度宗,赵禥,咸淳,http://data.library.sh.cn/authority/temporal/8jz9cpabvoixpla6,9
930,南宋德祐,1275,1276.0,南宋,恭帝,赵显,德祐,http://data.library.sh.cn/authority/temporal/i2cba9z7ke1cskop,1
931,南宋景炎,1276,1278.0,南宋,端宗,赵昰,景炎,http://data.library.sh.cn/authority/temporal/6wbzscfnaxostrlq,2
932,南宋祥兴,1278,1279.0,南宋,端宗,赵昺,祥兴,http://data.library.sh.cn/authority/temporal/p58nvzeo14jor6xf,1
933,南宋,1127,1279.0,南宋,,,,http://data.library.sh.cn/authority/temporal/q1a7p1g2ke7vrfmi,152
934,南宋建炎,1127,1130.0,南宋,高宗,赵构,建炎,http://data.library.sh.cn/authority/temporal/c1utj8cnb7r2r471,3
935,南宋绍兴,1131,1162.0,南宋,高宗,赵构,绍兴,http://data.library.sh.cn/authority/temporal/xqhuj1xtntnzkobw,31
936,南宋隆兴,1163,1164.0,南宋,孝宗,赵眘,隆兴,http://data.library.sh.cn/authority/temporal/4eweu6acc1hannl1,1
937,南宋乾道,1165,1173.0,南宋,孝宗,赵眘,乾道,http://data.library.sh.cn/authority/temporal/drxafuw7q5rjt4h9,8
938,南宋淳熙,1174,1189.0,南宋,孝宗,赵眘,淳熙,http://data.library.sh.cn/authority/temporal/8idikrl33m8wjj5a,15
939,南宋绍熙,1190,1194.0,南宋,光宗,赵惇,绍熙,http://data.library.sh.cn/authority/temporal/vkjzmf3ibzillame,4
940,南宋庆元,1195,1200.0,南宋,宁宗,赵扩,庆元,http://data.library.sh.cn/authority/temporal/vk422w48p7jnnv9m,5
941,南宋嘉泰,1201,1204.0,南宋,宁宗,赵扩,嘉泰,http://data.library.sh.cn/authority/temporal/dpxwlzpqvrrgknwq,3
942,南宋开禧,1205,1207.0,南宋,宁宗,赵扩,开禧,http://data.library.sh.cn/authority/temporal/jfbpr9mldw3bsejz,2
943,南宋嘉定,1208,1224.0,南宋,宁宗,赵扩,嘉定,http://data.library.sh.cn/authority/temporal/4rqcgk86d9kosozm,16
944,南宋宝庆,1225,1227.0,南宋,理宗,赵昀,宝庆,http://data.library.sh.cn/authority/temporal/hxja9vuy8xlci942,2
945,南宋绍定,1228,1233.0,南宋,理宗,赵昀,绍定,http://data.library.sh.cn/authority/temporal/elidknupog4fgxpx,5
946,南宋端平,1234,1236.0,南宋,理宗,赵昀,端平,http://data.library.sh.cn/authority/temporal/1q2zspkbu6rghgwy,2
947,南宋嘉熙,1237,1240.0,南宋,理宗,赵昀,嘉熙,http://data.library.sh.cn/authority/temporal/gm3qslcoxoxun941,3
948,南宋淳祐,1241,1252.0,南宋,理宗,赵昀,淳祐,http://data.library.sh.cn/authority/temporal/brifkmq2nrzc5dkc,11
949,南宋宝祐,1253,1258.0,南宋,理宗,赵昀,宝祐,http://data.library.sh.cn/authority/temporal/wxx81yllfhuybldg,5
950,南宋开庆,1259,1259.0,南宋,理宗,赵昀,开庆,http://data.library.sh.cn/authority/temporal/lda4qw45yme2xzmj,0
951,南宋景定,1260,1264.0,南宋,理宗,赵昀,景定,http://data.library.sh.cn/authority/temporal/rtj3nzspzvjl3ifi,4
952,南宋咸淳,1265,1274.0,南宋,度宗,赵禥,咸淳,http://data.library.sh.cn/authority/temporal/8jz9cpabvoixpla6,9
953,南宋德祐,1275,1276.0,南宋,恭帝,赵显,德祐,http://data.library.sh.cn/authority/temporal/i2cba9z7ke1cskop,1
954,南宋景炎,1276,1278.0,南宋,端宗,赵昰,景炎,http://data.library.sh.cn/authority/temporal/6wbzscfnaxostrlq,2
955,南宋祥兴,1278,1279.0,南宋,端宗,赵昺,祥兴,http://data.library.sh.cn/authority/temporal/p58nvzeo14jor6xf,1
956,元中统,1260,1264.0,元,世祖,孛儿只斤忽必烈,中统,http://data.library.sh.cn/authority/temporal/u4ioe7oedl7hilhn,4
957,元至元,1264,1293.0,元,世祖,孛儿只斤忽必烈,至元,http://data.library.sh.cn/authority/temporal/7qedbwm2njyysc55,29
958,元,1279,1368.0,元,,,,http://data.library.sh.cn/authority/temporal/qafeg12mhoqfidor,89
959,元元贞,1295,1296.0,元,成宗,孛儿只斤铁穆耳,元贞,http://data.library.sh.cn/authority/temporal/f6aqji6bvzizbel1,1
960,元大德,1297,1307.0,元,成宗,孛儿只斤铁穆耳,大德,http://data.library.sh.cn/authority/temporal/tkmb1ndaswrin21e,10
961,元至大,1308,1311.0,元,武宗,孛儿只斤海山,至大,http://data.library.sh.cn/authority/temporal/2uhzo6iisjya9lmf,3
962,元皇庆,1312,1313.0,元,仁宗,孛儿只斤爱育黎拔力八达,皇庆,http://data.library.sh.cn/authority/temporal/4so6xfgv15jpny3x,1
963,元延祐,1314,1320.0,元,仁宗,孛儿只斤爱育黎拔力八达,延祐,http://data.library.sh.cn/authority/temporal/x7ufnrvlqba5xd6z,6
964,元至治,1321,1323.0,元,英宗,孛儿只斤硕德八剌,至治,http://data.library.sh.cn/authority/temporal/5gt5qnbeszrncw9f,2
965,元泰定,1324,1328.0,元,泰定帝,孛儿只斤也孙铁木耳,泰定,http://data.library.sh.cn/authority/temporal/7tdi42ebkyxkpy73,4
966,元致和,1328,1328.0,元,泰定帝,孛儿只斤也孙铁木耳,致和,http://data.library.sh.cn/authority/temporal/cnpiv3j8qbauuyxg,0
967,元天历,1328,1330.0,元,文宗,孛儿只斤图帖睦耳,天历,http://data.library.sh.cn/authority/temporal/36sic4v3jg58ub9x,2
968,元至顺,1330,1333.0,元,文宗,孛儿只斤图帖睦耳,至顺,http://data.library.sh.cn/authority/temporal/lhaq45cnj18eenny,3
969,元元统,1333,1335.0,元,惠宗,孛儿只斤妥懽帖睦尔,元统,http://data.library.sh.cn/authority/temporal/2umtd2fnfcq666j3,2
970,元至元,1335,1340.0,元,惠宗,孛儿只斤妥懽帖睦尔,至元,http://data.library.sh.cn/authority/temporal/rghetm4hn9imbl8f,5
971,元至正,1341,1370.0,元,惠宗,孛儿只斤妥懽帖睦尔,至正,http://data.library.sh.cn/authority/temporal/p77tfazo3es795ad,29
972,明,1368,1644.0,明,,,,http://data.library.sh.cn/authority/temporal/yex4deivsad41p9q,276
973,明洪武,1368,1398.0,明,太祖,朱元璋,洪武,http://data.library.sh.cn/authority/temporal/3rwxdjxxfz5bhff9,30
974,明建文,1399,1402.0,明,惠帝,朱允炆,建文,http://data.library.sh.cn/authority/temporal/yekvrzalopfv4bmv,3
975,明永乐,1403,1424.0,明,成祖,朱棣,永乐,http://data.library.sh.cn/authority/temporal/n6dtur51h1jk1u11,21
976,明洪熙,1425,1425.0,明,仁宗,朱高炽,洪熙,http://data.library.sh.cn/authority/temporal/5acswdyuw55zd1jp,0
977,明宣德,1426,1435.0,明,宣宗,朱瞻基,宣德,http://data.library.sh.cn/authority/temporal/v92gfnypq8m7sgtp,9
978,明正统,1436,1449.0,明,英宗,朱祁镇,正统,http://data.library.sh.cn/authority/temporal/rm9xibzyqobmeogl,13
979,明景泰,1450,1456.0,明,代宗,朱祁钰,景泰,http://data.library.sh.cn/authority/temporal/pvh2ppbntu1twhsd,6
980,明天顺,1457,1464.0,明,英宗,朱祁镇,天顺,http://data.library.sh.cn/authority/temporal/7nz2lnpyajmegy2b,7
981,明成化,1465,1487.0,明,宪宗,朱见深,成化,http://data.library.sh.cn/authority/temporal/vuhmb9kbcl273to9,22
982,明弘治,1488,1505.0,明,孝宗,朱祐樘,弘治,http://data.library.sh.cn/authority/temporal/4wbtpj5t1ic1zcxr,17
983,明正德,1506,1521.0,明,武宗,朱厚照,正德,http://data.library.sh.cn/authority/temporal/fs84xbryajw6b42u,15
984,明嘉靖,1522,1566.0,明,世宗,朱厚熜,嘉靖,http://data.library.sh.cn/authority/temporal/kfeeztmf3q8vval6,44
985,明隆庆,1567,1572.0,明,穆宗,朱载垕,隆庆,http://data.library.sh.cn/authority/temporal/phxtzrbds3cb84mj,5
986,明万历,1573,1620.0,明,神宗,朱翊钧,万历,http://data.library.sh.cn/authority/temporal/ex8mn4mcjy6sybax,47
987,明泰昌,1620,1620.0,明,光宗,朱常洛,泰昌,http://data.library.sh.cn/authority/temporal/uproyet5mr9xgjp6,0
988,明天启,1621,1627.0,明,熹宗,朱由校,天启,http://data.library.sh.cn/authority/temporal/ur9jxa1pup1g1jen,6
989,明崇祯,1628,1644.0,明,思宗,朱由检,崇祯,http://data.library.sh.cn/authority/temporal/sx2f15cnq8yjeqmb,16
990,南明,1644,1683.0,南明,,,,http://data.library.sh.cn/authority/temporal/n13f9bi8595hz274,39
991,南明弘光,1645,1646.0,南明,福王,朱由崧,弘光,http://data.library.sh.cn/authority/temporal/xdfcffdacxdla2fb,1
992,南明隆武,1645,1646.0,南明,唐王,朱聿键,隆武,http://data.library.sh.cn/authority/temporal/bt91q7mag4zyy14o,1
993,南明永历,1646,1661.0,南明,桂王,朱由榔,永历,http://data.library.sh.cn/authority/temporal/o7ghzlgytgjry6y8,15
994,南明定武,1646,1663.0,南明,韩王,朱本鉝,定武,http://data.library.sh.cn/authority/temporal/thmqd7pixsarpvud,17
995,南明绍武,1646,1646.0,南明,唐王,朱聿鐭,绍武,http://data.library.sh.cn/authority/temporal/fia9nu7gybdigs9o,0
996,清天命,1616,1626.0,清,太祖,爱新觉罗努尔哈赤,天命,http://data.library.sh.cn/authority/temporal/rla1irawwcwruud9,10
997,清天聪,1627,1635.0,清,太宗,爱新觉罗皇太极,天聪,http://data.library.sh.cn/authority/temporal/rktj3qmedd6mzbuu,8
998,清崇德,1637,1643.0,清,太宗,爱新觉罗皇太极,崇德,http://data.library.sh.cn/authority/temporal/34lt68a5osifrmu3,6
999,清,1644,1911.0,清,,,,http://data.library.sh.cn/authority/temporal/7ase6ple2nud826q,267
1000,清顺治,1644,1661.0,清,世祖,爱新觉罗福临,顺治,http://data.library.sh.cn/authority/temporal/yxpdzbaihbpewrap,17
1001,清康熙,1662,1722.0,清,圣祖,爱新觉罗玄烨,康熙,http://data.library.sh.cn/authority/temporal/toj2l37qbhwcz4bc,60
1002,清雍正,1723,1735.0,清,世宗,爱新觉罗胤禛,雍正,http://data.library.sh.cn/authority/temporal/xk8iu2cwc7czhjv5,12
1003,清乾隆,1736,1795.0,清,高宗,爱新觉罗弘历,乾隆,http://data.library.sh.cn/authority/temporal/q5631ocxr99ozj67,59
1004,清嘉庆,1796,1820.0,清,仁宗,爱新觉罗颙琰,嘉庆,http://data.library.sh.cn/authority/temporal/y7nc46vdun3415r7,24
1005,清道光,1821,1850.0,清,宣宗,爱新觉罗旻宁,道光,http://data.library.sh.cn/authority/temporal/hm3xtdntmwv4q44c,29
1006,清咸丰,1851,1861.0,清,文宗,爱新觉罗奕詝,咸丰,http://data.library.sh.cn/authority/temporal/de2rjw7ed5qgpztb,10
1007,清同治,1862,1874.0,清,穆宗,爱新觉罗载淳,同治,http://data.library.sh.cn/authority/temporal/3vzqg839qs4kcik7,12
1008,清光绪,1875,1908.0,清,德宗,爱新觉罗载湉,光绪,http://data.library.sh.cn/authority/temporal/97gz23pcrl1j7jem,33
1009,清宣统,1909,1911.0,清,,爱新觉罗溥仪,宣统,http://data.library.sh.cn/authority/temporal/3d36n7lg1nw4vh1j,2
1010,南明,1644,1683.0,南明,,,,http://data.library.sh.cn/authority/temporal/n13f9bi8595hz274,39
1011,南明弘光,1645,1646.0,南明,福王,朱由崧,弘光,http://data.library.sh.cn/authority/temporal/xdfcffdacxdla2fb,1
1012,南明隆武,1645,1646.0,南明,唐王,朱聿键,隆武,http://data.library.sh.cn/authority/temporal/bt91q7mag4zyy14o,1
1013,南明永历,1646,1661.0,南明,桂王,朱由榔,永历,http://data.library.sh.cn/authority/temporal/o7ghzlgytgjry6y8,15
1014,南明定武,1646,1663.0,南明,韩王,朱本鉝,定武,http://data.library.sh.cn/authority/temporal/thmqd7pixsarpvud,17
1015,南明绍武,1646,1646.0,南明,唐王,朱聿鐭,绍武,http://data.library.sh.cn/authority/temporal/fia9nu7gybdigs9o,0
1016,民国,1912,1949.0,民国,,,,http://data.library.sh.cn/authority/temporal/7sl8ulx4ouipdbg2,37
1017,民国,1912,1949.0,民国,,,,http://data.library.sh.cn/authority/temporal/zf1emm85jbscnyqh,37
1018,当代,1950,9999.0,当代,,,,http://data.library.sh.cn/authority/temporal/j6mijtwmcfzq3t8b,8049
